user_id (S),game (S),questionnaire (S),quiz (S),reward (S),role (S)
A2H45V728GQPVQ,"[""{\""action\"":\""submit\"",\""params\"":[{\""0\"":[0],\""1\"":[0,0],\""2\"":[0,0,0]},null]}"",""{\""action\"":\""submit\"",\""params\"":[{\""0\"":[2],\""1\"":[2,2],\""2\"":[2,2,2]},\""\""]}"",""{\""action\"":\""submit\"",\""params\"":[{\""0\"":[0],\""1\"":[0,2],\""2\"":[2,2,2]},\""\""]}"",""{\""action\"":\""submit\"",\""params\"":[{\""0\"":[0],\""1\"":[2,2],\""2\"":[0,2,2]},\""\""]}"",""{\""action\"":\""submit\"",\""params\"":[{\""0\"":[0],\""1\"":[2,2],\""2\"":[2,0,2]},\""\""]}"",""{\""action\"":\""submit\"",\""params\"":[{\""0\"":[0],\""1\"":[2,0],\""2\"":[2,2,0]},\""\""]}"",""{\""action\"":\""submit\"",\""params\"":[{\""0\"":[0],\""1\"":[2,2],\""2\"":[2,2,2]},\""\""]}"",""{\""action\"":\""submit\"",\""params\"":[{\""0\"":[0],\""1\"":[0,0],\""2\"":[2,2,2]},\""\""]}"",""{\""action\"":\""submit\"",\""params\"":[{\""0\"":[0],\""1\"":[0,0],\""2\"":[2,2,2]},\""\""]}"",""{\""action\"":\""submit\"",\""params\"":[{\""0\"":[0],\""1\"":[0,2],\""2\"":[2,2,0]},\""\""]}""]","{""0"":{""0"":""agree"",""1"":""agree"",""2"":""neutral"",""3"":""agree"",""4"":""disagree"",""5"":""strongly disagree"",""6"":""strongly disagree"",""7"":""disagree"",""8"":""strongly agree"",""9"":""disagree"",""10"":""strongly disagree"",""11"":""agree"",""12"":""disagree"",""13"":""disagree"",""14"":""agree"",""15"":""strongly disagree"",""16"":""strongly disagree"",""17"":""agree"",""18"":""strongly agree"",""19"":""strongly disagree""},""1"":{""0"":""6"",""1"":""3"",""2"":""6"",""3"":""9"",""4"":""9"",""5"":""1""}}","[""high"",""med"",""low""]",hdNCPZOh8Y,type-0
A1S8DYWNS59XWB,"[""{\""action\"":\""submit\"",\""params\"":[{\""0\"":[0],\""1\"":[0,0],\""2\"":[2,2,2]},null]}"",""{\""action\"":\""submit\"",\""params\"":[{\""0\"":[0],\""1\"":[0,0],\""2\"":[2,2,2]},\""\""]}"",""{\""action\"":\""submit\"",\""params\"":[{\""0\"":[0],\""1\"":[0,2],\""2\"":[2,2,0]},\""\""]}"",""{\""action\"":\""submit\"",\""params\"":[{\""0\"":[2],\""1\"":[2,2],\""2\"":[2,0,0]},\""\""]}"",""{\""action\"":\""submit\"",\""params\"":[{\""0\"":[2],\""1\"":[0,0],\""2\"":[2,2,0]},\""\""]}"",""{\""action\"":\""submit\"",\""params\"":[{\""0\"":[2],\""1\"":[2,2],\""2\"":[2,0,0]},\""\""]}""]","{""0"":{""0"":""disagree"",""1"":""disagree"",""2"":""agree"",""3"":""neutral"",""4"":""neutral"",""5"":""neutral"",""6"":""disagree"",""7"":""disagree"",""8"":""strongly agree"",""9"":""agree"",""10"":""neutral"",""11"":""neutral"",""12"":""disagree"",""13"":""strongly disagree"",""14"":""disagree"",""15"":""disagree"",""16"":""strongly disagree"",""17"":""disagree"",""18"":""agree"",""19"":""agree""},""1"":{""0"":""1"",""1"":""1"",""2"":""9"",""3"":""9"",""4"":""9"",""5"":""1""}}","[""high"",""med"",""low""]",JkE1WL7bVW,type-0
A70L26UXLTGLC,"[""{\""action\"":\""submit\"",\""params\"":[{\""0\"":[0],\""1\"":[0,0],\""2\"":[0,2,2]},null]}"",""{\""action\"":\""submit\"",\""params\"":[{\""0\"":[2],\""1\"":[2,2],\""2\"":[2,0,0]},\""\""]}"",""{\""action\"":\""submit\"",\""params\"":[{\""0\"":[2],\""1\"":[2,2],\""2\"":[2,0,0]},\""\""]}"",""{\""action\"":\""submit\"",\""params\"":[{\""0\"":[0],\""1\"":[0,0],\""2\"":[2,2,0]},\""\""]}"",""{\""action\"":\""submit\"",\""params\"":[{\""0\"":[2],\""1\"":[2,2],\""2\"":[2,0,0]},\""\""]}"",""{\""action\"":\""submit\"",\""params\"":[{\""0\"":[2],\""1\"":[2,2],\""2\"":[2,0,0]},\""\""]}""]","{""0"":{""0"":""disagree"",""1"":""disagree"",""2"":""disagree"",""3"":""agree"",""4"":""disagree"",""5"":""agree"",""6"":""agree"",""7"":""disagree"",""8"":""agree"",""9"":""agree"",""10"":""agree"",""11"":""disagree"",""12"":""disagree"",""13"":""agree"",""14"":""neutral"",""15"":""agree"",""16"":""neutral"",""17"":""disagree"",""18"":""agree"",""19"":""disagree""},""1"":{""0"":""9"",""1"":""5"",""2"":""5"",""3"":""9"",""4"":""9"",""5"":""1""}}","[""high"",""med"",""low""]",wY7SDJBbuN,type-0
A8SP23ECDU4F0,"[""{\""action\"":\""submit\"",\""params\"":[{\""0\"":[0],\""1\"":[0,0],\""2\"":[0,0,0]},null]}""]","{""0"":{""0"":""neutral"",""1"":""neutral"",""2"":""agree"",""3"":""neutral"",""4"":""neutral"",""5"":""disagree"",""6"":""neutral"",""7"":""neutral"",""8"":""neutral"",""9"":""neutral"",""10"":""agree"",""11"":""neutral"",""12"":""neutral"",""13"":""neutral"",""14"":""agree"",""15"":""agree"",""16"":""neutral"",""17"":""neutral"",""18"":""neutral"",""19"":""neutral""},""1"":{""0"":""1"",""1"":""1"",""2"":""9"",""3"":""9"",""4"":""9"",""5"":""1""}}","[""high"",""med"",""low""]",fGy7BV7wwD,type-0
A3F0NFNLOLFJT0,"[""{\""action\"":\""submit\"",\""params\"":[{\""0\"":[0],\""1\"":[2,0],\""2\"":[2,2,2]},null]}"",""{\""action\"":\""submit\"",\""params\"":[{\""0\"":[2],\""1\"":[2,0],\""2\"":[2,2,2]},\""\""]}"",""{\""action\"":\""submit\"",\""params\"":[{\""0\"":[0],\""1\"":[0,0],\""2\"":[2,2,2]},\""\""]}"",""{\""action\"":\""accept\"",\""params\"":[]}""]","{""0"":{""0"":""neutral"",""1"":""agree"",""2"":""neutral"",""3"":""disagree"",""4"":""strongly agree"",""5"":""neutral"",""6"":""disagree"",""7"":""neutral"",""8"":""neutral"",""9"":""neutral"",""10"":""disagree"",""11"":""agree"",""12"":""agree"",""13"":""neutral"",""14"":""agree"",""15"":""strongly agree"",""16"":""agree"",""17"":""neutral"",""18"":""strongly agree"",""19"":""strongly disagree""},""1"":{""0"":""1"",""1"":""1"",""2"":""9"",""3"":""9"",""4"":""9"",""5"":""1""}}","[""high"",""med"",""low""]",S83fQoVIrf,type-0
A2SYRFPPV9WDEG,"[""{\""action\"":\""submit\"",\""params\"":[{\""0\"":[0],\""1\"":[0,0],\""2\"":[0,0,0]},null]}"",""{\""action\"":\""submit\"",\""params\"":[{\""0\"":[0],\""1\"":[0,0],\""2\"":[2,2,2]},\""\""]}"",""{\""action\"":\""submit\"",\""params\"":[{\""0\"":[0],\""1\"":[0,0],\""2\"":[0,2,2]},\""\""]}"",""{\""action\"":\""submit\"",\""params\"":[{\""0\"":[2],\""1\"":[2,2],\""2\"":[2,0,0]},\""\""]}"",""{\""action\"":\""submit\"",\""params\"":[{\""0\"":[2],\""1\"":[2,2],\""2\"":[2,0,0]},\""\""]}"",""{\""action\"":\""submit\"",\""params\"":[{\""0\"":[2],\""1\"":[2,0],\""2\"":[2,0,2]},\""\""]}"",""{\""action\"":\""accept\"",\""params\"":[]}""]","{""0"":{""0"":""strongly agree"",""1"":""strongly agree"",""2"":""disagree"",""3"":""disagree"",""4"":""strongly agree"",""5"":""disagree"",""6"":""disagree"",""7"":""disagree"",""8"":""neutral"",""9"":""disagree"",""10"":""strongly disagree"",""11"":""strongly agree"",""12"":""neutral"",""13"":""disagree"",""14"":""agree"",""15"":""strongly agree"",""16"":""strongly disagree"",""17"":""agree"",""18"":""disagree"",""19"":""disagree""},""1"":{""0"":""9"",""1"":""1"",""2"":""9"",""3"":""9"",""4"":""9"",""5"":""1""}}","[""high"",""med"",""low""]",oIZ5t73rj8,type-0
A3J9ORWWVZCEOI,"[""{\""action\"":\""submit\"",\""params\"":[{\""0\"":[0],\""1\"":[0,0],\""2\"":[0,2,2]},null]}"",""{\""action\"":\""accept\"",\""params\"":[]}""]","{""0"":{""0"":""strongly agree"",""1"":""disagree"",""2"":""agree"",""3"":""strongly disagree"",""4"":""strongly agree"",""5"":""disagree"",""6"":""disagree"",""7"":""neutral"",""8"":""disagree"",""9"":""disagree"",""10"":""agree"",""11"":""agree"",""12"":""strongly agree"",""13"":""strongly agree"",""14"":""strongly agree"",""15"":""strongly agree"",""16"":""disagree"",""17"":""strongly agree"",""18"":""strongly agree"",""19"":""strongly agree""},""1"":{""0"":""1"",""1"":""1"",""2"":""9"",""3"":""9"",""4"":""9"",""5"":""1""}}","[""high"",""med"",""low""]",vq3wuPGfWu,type-0
A1R6ZLM9V362F7,"[""{\""action\"":\""submit\"",\""params\"":[{\""0\"":[0],\""1\"":[0,0],\""2\"":[0,0,0]},null]}""]","{""0"":{""0"":""disagree"",""1"":""agree"",""2"":""neutral"",""3"":""agree"",""4"":""disagree"",""5"":""neutral"",""6"":""disagree"",""7"":""neutral"",""8"":""agree"",""9"":""agree"",""10"":""neutral"",""11"":""disagree"",""12"":""neutral"",""13"":""disagree"",""14"":""strongly agree"",""15"":""neutral"",""16"":""disagree"",""17"":""disagree"",""18"":""strongly agree"",""19"":""agree""},""1"":{""0"":""1"",""1"":""1"",""2"":""9"",""3"":""9"",""4"":""9"",""5"":""1""}}","[""high"",""med"",""low""]",vcD1Ll9dgB,type-0
A3JI3B5GTVA95F,"[""{\""action\"":\""submit\"",\""params\"":[{\""0\"":[0],\""1\"":[0,2],\""2\"":[2,0,0]},null]}"",""{\""action\"":\""submit\"",\""params\"":[{\""0\"":[2],\""1\"":[0,2],\""2\"":[2,0,0]},\""\""]}"",""{\""action\"":\""submit\"",\""params\"":[{\""0\"":[2],\""1\"":[0,0],\""2\"":[2,0,0]},\""\""]}""]","{""0"":{""0"":""strongly disagree"",""1"":""strongly disagree"",""2"":""strongly agree"",""3"":""strongly disagree"",""4"":""neutral"",""5"":""agree"",""6"":""strongly agree"",""7"":""disagree"",""8"":""strongly agree"",""9"":""strongly agree"",""10"":""strongly disagree"",""11"":""strongly agree"",""12"":""strongly disagree"",""13"":""strongly disagree"",""14"":""strongly disagree"",""15"":""strongly disagree"",""16"":""neutral"",""17"":""strongly disagree"",""18"":""strongly disagree"",""19"":""strongly disagree""},""1"":{""0"":""9"",""1"":""5"",""2"":""4"",""3"":""9"",""4"":""9"",""5"":""1""}}","[""high"",""med"",""low""]",qMZxpeMIUr,type-0
A1A3TGZ7DKJWRW,"[""{\""action\"":\""submit\"",\""params\"":[{\""0\"":[2],\""1\"":[2,2],\""2\"":[2,2,2]},null]}"",""{\""action\"":\""submit\"",\""params\"":[{\""0\"":[2],\""1\"":[0,0],\""2\"":[2,2,2]},\""\""]}"",""{\""action\"":\""submit\"",\""params\"":[{\""0\"":[2],\""1\"":[2,2],\""2\"":[2,0,0]},\""\""]}"",""{\""action\"":\""submit\"",\""params\"":[{\""0\"":[0],\""1\"":[0,0],\""2\"":[2,2,0]},\""\""]}"",""{\""action\"":\""submit\"",\""params\"":[{\""0\"":[2],\""1\"":[0,0],\""2\"":[2,0,2]},\""\""]}"",""{\""action\"":\""submit\"",\""params\"":[{\""0\"":[2],\""1\"":[0,0],\""2\"":[2,2,0]},\""\""]}"",""{\""action\"":\""accept\"",\""params\"":[]}""]","{""0"":{""0"":""agree"",""1"":""agree"",""2"":""disagree"",""3"":""disagree"",""4"":""agree"",""5"":""disagree"",""6"":""disagree"",""7"":""agree"",""8"":""agree"",""9"":""disagree"",""10"":""disagree"",""11"":""agree"",""12"":""agree"",""13"":""disagree"",""14"":""agree"",""15"":""disagree"",""16"":""disagree"",""17"":""agree"",""18"":""agree"",""19"":""agree""},""1"":{""0"":""1"",""1"":""1"",""2"":""9"",""3"":""9"",""4"":""9"",""5"":""1""}}","[""high"",""med"",""low""]",ZHjggv6YAx,type-0
A324FQ64NCN2YS,"[""{\""action\"":\""submit\"",\""params\"":[{\""0\"":[0],\""1\"":[0,0],\""2\"":[2,2,2]},null]}"",""{\""action\"":\""submit\"",\""params\"":[{\""0\"":[0],\""1\"":[0,0],\""2\"":[2,2,0]},\""\""]}"",""{\""action\"":\""submit\"",\""params\"":[{\""0\"":[0],\""1\"":[0,0],\""2\"":[2,0,0]},\""\""]}"",""{\""action\"":\""submit\"",\""params\"":[{\""0\"":[0],\""1\"":[0,0],\""2\"":[2,2,0]},\""\""]}"",""{\""action\"":\""submit\"",\""params\"":[{\""0\"":[0],\""1\"":[2,2],\""2\"":[2,0,0]},\""\""]}"",""{\""action\"":\""accept\"",\""params\"":[]}""]","{""0"":{""0"":""agree"",""1"":""disagree"",""2"":""agree"",""3"":""neutral"",""4"":""disagree"",""5"":""disagree"",""6"":""disagree"",""7"":""strongly disagree"",""8"":""agree"",""9"":""agree"",""10"":""disagree"",""11"":""agree"",""12"":""disagree"",""13"":""disagree"",""14"":""agree"",""15"":""disagree"",""16"":""strongly disagree"",""17"":""agree"",""18"":""agree"",""19"":""strongly disagree""},""1"":{""0"":""9"",""1"":""5"",""2"":""8"",""3"":""9"",""4"":""9"",""5"":""1""}}","[""high"",""med"",""low""]",E6eXgz9Wu7,type-0
A1TLNLB9D87H6,"[""{\""action\"":\""submit\"",\""params\"":[{\""0\"":[0],\""1\"":[0,0],\""2\"":[0,0,0]},null]}""]","{""0"":{""0"":""strongly disagree"",""1"":""disagree"",""2"":""agree"",""3"":""disagree"",""4"":""neutral"",""5"":""agree"",""6"":""agree"",""7"":""disagree"",""8"":""agree"",""9"":""strongly agree"",""10"":""neutral"",""11"":""strongly agree"",""12"":""neutral"",""13"":""disagree"",""14"":""agree"",""15"":""disagree"",""16"":""neutral"",""17"":""disagree"",""18"":""strongly agree"",""19"":""strongly disagree""},""1"":{""0"":""9"",""1"":""5"",""2"":""9"",""3"":""9"",""4"":""1"",""5"":""1""}}","[""high"",""med"",""low""]",nWItvPQyzL,type-0
A1UL0HQUZQPMSX,"[""{\""action\"":\""submit\"",\""params\"":[{\""0\"":[2],\""1\"":[0,2],\""2\"":[2,0,0]},null]}"",""{\""action\"":\""accept\"",\""params\"":[]}""]","{""0"":{""0"":""disagree"",""1"":""neutral"",""2"":""disagree"",""3"":""strongly disagree"",""4"":""disagree"",""5"":""disagree"",""6"":""neutral"",""7"":""neutral"",""8"":""disagree"",""9"":""agree"",""10"":""neutral"",""11"":""disagree"",""12"":""disagree"",""13"":""strongly disagree"",""14"":""disagree"",""15"":""neutral"",""16"":""neutral"",""17"":""disagree"",""18"":""agree"",""19"":""neutral""},""1"":{""0"":""6"",""1"":""5"",""2"":""4"",""3"":""6"",""4"":""6"",""5"":""4""}}","[""high"",""med"",""low""]",KnqeqTu8oA,type-0
A2A1FS0KVLJ9ZT,"[""{\""action\"":\""submit\"",\""params\"":[{\""0\"":[0],\""1\"":[0,0],\""2\"":[0,0,0]},null]}""]","{""0"":{""0"":""disagree"",""1"":""agree"",""2"":""disagree"",""3"":""disagree"",""4"":""disagree"",""5"":""disagree"",""6"":""disagree"",""7"":""agree"",""8"":""strongly agree"",""9"":""agree"",""10"":""strongly disagree"",""11"":""strongly disagree"",""12"":""disagree"",""13"":""disagree"",""14"":""agree"",""15"":""agree"",""16"":""strongly disagree"",""17"":""agree"",""18"":""strongly agree"",""19"":""disagree""},""1"":{""0"":""1"",""1"":""1"",""2"":""5"",""3"":""9"",""4"":""9"",""5"":""1""}}","[""high"",""med"",""low""]",pdfchVWbbH,type-0
A2F1NAZRVIW18Y,"[""{\""action\"":\""submit\"",\""params\"":[{\""0\"":[0],\""1\"":[2,2],\""2\"":[2,0,0]},null]}"",""{\""action\"":\""submit\"",\""params\"":[{\""0\"":[2],\""1\"":[2,2],\""2\"":[2,0,0]},\""\""]}"",""{\""action\"":\""submit\"",\""params\"":[{\""0\"":[0],\""1\"":[0,0],\""2\"":[0,2,2]},\""\""]}"",""{\""action\"":\""submit\"",\""params\"":[{\""0\"":[2],\""1\"":[2,2],\""2\"":[2,0,0]},\""\""]}"",""{\""action\"":\""submit\"",\""params\"":[{\""0\"":[0],\""1\"":[2,0],\""2\"":[2,2,0]},\""\""]}"",""{\""action\"":\""submit\"",\""params\"":[{\""0\"":[0],\""1\"":[0,0],\""2\"":[2,2,0]},\""\""]}""]","{""0"":{""0"":""disagree"",""1"":""disagree"",""2"":""disagree"",""3"":""agree"",""4"":""neutral"",""5"":""neutral"",""6"":""disagree"",""7"":""disagree"",""8"":""agree"",""9"":""agree"",""10"":""disagree"",""11"":""disagree"",""12"":""disagree"",""13"":""neutral"",""14"":""agree"",""15"":""agree"",""16"":""neutral"",""17"":""disagree"",""18"":""agree"",""19"":""disagree""},""1"":{""0"":""9"",""1"":""5"",""2"":""4"",""3"":""9"",""4"":""9"",""5"":""1""}}","[""high"",""med"",""low""]",FF0dJNXt5F,type-0
A1JMJCVG86Y5RT,"[""{\""action\"":\""submit\"",\""params\"":[{\""0\"":[0],\""1\"":[0,0],\""2\"":[2,2,2]},null]}"",""{\""action\"":\""submit\"",\""params\"":[{\""0\"":[0],\""1\"":[0,0],\""2\"":[2,2,0]},\""\""]}"",""{\""action\"":\""submit\"",\""params\"":[{\""0\"":[0],\""1\"":[0,0],\""2\"":[2,2,0]},\""\""]}"",""{\""action\"":\""submit\"",\""params\"":[{\""0\"":[0],\""1\"":[0,0],\""2\"":[2,2,0]},\""\""]}"",""{\""action\"":\""submit\"",\""params\"":[{\""0\"":[0],\""1\"":[0,0],\""2\"":[2,2,0]},\""\""]}"",""{\""action\"":\""submit\"",\""params\"":[{\""0\"":[0],\""1\"":[2,0],\""2\"":[2,2,0]},\""\""]}"",""{\""action\"":\""accept\"",\""params\"":[]}""]","{""0"":{""0"":""disagree"",""1"":""disagree"",""2"":""agree"",""3"":""neutral"",""4"":""agree"",""5"":""agree"",""6"":""neutral"",""7"":""disagree"",""8"":""strongly agree"",""9"":""strongly agree"",""10"":""disagree"",""11"":""disagree"",""12"":""neutral"",""13"":""neutral"",""14"":""neutral"",""15"":""agree"",""16"":""disagree"",""17"":""strongly agree"",""18"":""strongly agree"",""19"":""disagree""},""1"":{""0"":""9"",""1"":""5"",""2"":""5"",""3"":""9"",""4"":""9"",""5"":""1""}}","[""high"",""med"",""low""]",IYM4b33MAV,type-0
AWDKL9UCVI0R2,"[""{\""action\"":\""submit\"",\""params\"":[{\""0\"":[0],\""1\"":[0,0],\""2\"":[2,2,2]},null]}"",""{\""action\"":\""submit\"",\""params\"":[{\""0\"":[0],\""1\"":[0,0],\""2\"":[2,2,2]},\""\""]}"",""{\""action\"":\""submit\"",\""params\"":[{\""0\"":[0],\""1\"":[0,2],\""2\"":[2,2,0]},\""\""]}"",""{\""action\"":\""submit\"",\""params\"":[{\""0\"":[0],\""1\"":[2,0],\""2\"":[2,2,0]},\""\""]}"",""{\""action\"":\""submit\"",\""params\"":[{\""0\"":[2],\""1\"":[0,0],\""2\"":[2,2,0]},\""\""]}"",""{\""action\"":\""submit\"",\""params\"":[{\""0\"":[0],\""1\"":[0,0],\""2\"":[2,2,0]},\""\""]}"",""{\""action\"":\""submit\"",\""params\"":[{\""0\"":[2],\""1\"":[0,0],\""2\"":[2,2,0]},\""\""]}"",""{\""action\"":\""accept\"",\""params\"":[]}""]","{""0"":{""0"":""neutral"",""1"":""neutral"",""2"":""agree"",""3"":""agree"",""4"":""neutral"",""5"":""disagree"",""6"":""disagree"",""7"":""disagree"",""8"":""agree"",""9"":""agree"",""10"":""strongly disagree"",""11"":""agree"",""12"":""disagree"",""13"":""disagree"",""14"":""neutral"",""15"":""neutral"",""16"":""disagree"",""17"":""agree"",""18"":""strongly agree"",""19"":""agree""},""1"":{""0"":""1"",""1"":""1"",""2"":""9"",""3"":""9"",""4"":""9"",""5"":""1""}}","[""high"",""med"",""low""]",vI2WSBMziu,type-0
A1WDUICI1FG9F,"[""{\""action\"":\""submit\"",\""params\"":[{\""0\"":[2],\""1\"":[0,0],\""2\"":[2,2,0]},null]}"",""{\""action\"":\""submit\"",\""params\"":[{\""0\"":[2],\""1\"":[2,2],\""2\"":[2,0,0]},\""\""]}"",""{\""action\"":\""submit\"",\""params\"":[{\""0\"":[0],\""1\"":[2,2],\""2\"":[2,0,0]},\""\""]}"",""{\""action\"":\""submit\"",\""params\"":[{\""0\"":[2],\""1\"":[2,2],\""2\"":[2,0,0]},\""\""]}"",""{\""action\"":\""submit\"",\""params\"":[{\""0\"":[0],\""1\"":[0,0],\""2\"":[2,2,0]},\""\""]}"",""{\""action\"":\""accept\"",\""params\"":[]}""]","{""0"":{""0"":""disagree"",""1"":""disagree"",""2"":""agree"",""3"":""agree"",""4"":""disagree"",""5"":""agree"",""6"":""agree"",""7"":""disagree"",""8"":""agree"",""9"":""agree"",""10"":""neutral"",""11"":""disagree"",""12"":""neutral"",""13"":""disagree"",""14"":""neutral"",""15"":""agree"",""16"":""agree"",""17"":""agree"",""18"":""agree"",""19"":""strongly disagree""},""1"":{""0"":""9"",""1"":""5"",""2"":""5"",""3"":""9"",""4"":""9"",""5"":""1""}}","[""high"",""med"",""low""]",XV1rd5fKMy,type-0
A234JVZIFPLPRT,"[""{\""action\"":\""submit\"",\""params\"":[{\""0\"":[0],\""1\"":[0,0],\""2\"":[2,2,2]},null]}"",""{\""action\"":\""submit\"",\""params\"":[{\""0\"":[0],\""1\"":[0,0],\""2\"":[2,2,2]},\""\""]}"",""{\""action\"":\""submit\"",\""params\"":[{\""0\"":[2],\""1\"":[0,0],\""2\"":[2,2,0]},\""\""]}"",""{\""action\"":\""submit\"",\""params\"":[{\""0\"":[2],\""1\"":[0,0],\""2\"":[2,2,0]},\""\""]}"",""{\""action\"":\""submit\"",\""params\"":[{\""0\"":[0],\""1\"":[2,0],\""2\"":[2,0,2]},\""\""]}"",""{\""action\"":\""submit\"",\""params\"":[{\""0\"":[0],\""1\"":[0,0],\""2\"":[2,2,0]},\""\""]}""]","{""0"":{""0"":""neutral"",""1"":""disagree"",""2"":""disagree"",""3"":""agree"",""4"":""agree"",""5"":""disagree"",""6"":""disagree"",""7"":""strongly disagree"",""8"":""strongly agree"",""9"":""agree"",""10"":""disagree"",""11"":""neutral"",""12"":""disagree"",""13"":""disagree"",""14"":""neutral"",""15"":""agree"",""16"":""disagree"",""17"":""agree"",""18"":""agree"",""19"":""strongly disagree""},""1"":{""0"":""1"",""1"":""1"",""2"":""9"",""3"":""9"",""4"":""9"",""5"":""1""}}","[""high"",""med"",""low""]",qEHaWn5YLL,type-0
A11SMS4CF6W26Y,*,*,*,*,*
ARAXKMN51Y6LN,*,"{""0"":{""0"":""disagree"",""1"":""strongly disagree"",""2"":""agree"",""3"":""strongly disagree"",""4"":""agree"",""5"":""neutral"",""6"":""neutral"",""7"":""strongly agree"",""8"":""strongly agree"",""9"":""strongly agree"",""10"":""strongly disagree"",""11"":""agree"",""12"":""agree"",""13"":""strongly disagree"",""14"":""disagree"",""15"":""strongly disagree"",""16"":""disagree"",""17"":""strongly agree"",""18"":""strongly agree"",""19"":""strongly agree""},""1"":{""0"":""9"",""1"":""5"",""2"":""5"",""3"":""9"",""4"":""9"",""5"":""1""}}","[""high"",""med"",""low""]",*,type-0
A2SBN6V55I5K4I,"[""{\""action\"":\""submit\"",\""params\"":[{\""0\"":[0],\""1\"":[2,2],\""2\"":[2,0,0]},null]}"",""{\""action\"":\""submit\"",\""params\"":[{\""0\"":[2],\""1\"":[0,0],\""2\"":[2,2,2]},\""\""]}"",""{\""action\"":\""submit\"",\""params\"":[{\""0\"":[2],\""1\"":[2,2],\""2\"":[2,0,0]},\""\""]}"",""{\""action\"":\""submit\"",\""params\"":[{\""0\"":[0],\""1\"":[0,2],\""2\"":[2,2,0]},\""\""]}"",""{\""action\"":\""submit\"",\""params\"":[{\""0\"":[0],\""1\"":[0,0],\""2\"":[2,2,2]},\""\""]}"",""{\""action\"":\""submit\"",\""params\"":[{\""0\"":[0],\""1\"":[2,0],\""2\"":[2,2,0]},\""\""]}"",""{\""action\"":\""submit\"",\""params\"":[{\""0\"":[2],\""1\"":[0,0],\""2\"":[2,2,0]},\""\""]}"",""{\""action\"":\""submit\"",\""params\"":[{\""0\"":[0],\""1\"":[2,2],\""2\"":[2,0,0]},\""\""]}"",""{\""action\"":\""submit\"",\""params\"":[{\""0\"":[0],\""1\"":[0,2],\""2\"":[2,2,0]},\""\""]}"",""{\""action\"":\""submit\"",\""params\"":[{\""0\"":[2],\""1\"":[2,2],\""2\"":[0,0,2]},\""\""]}""]","{""0"":{""0"":""disagree"",""1"":""agree"",""2"":""disagree"",""3"":""agree"",""4"":""disagree"",""5"":""agree"",""6"":""disagree"",""7"":""disagree"",""8"":""agree"",""9"":""agree"",""10"":""neutral"",""11"":""agree"",""12"":""agree"",""13"":""agree"",""14"":""agree"",""15"":""disagree"",""16"":""neutral"",""17"":""agree"",""18"":""strongly agree"",""19"":""disagree""},""1"":{""0"":""6"",""1"":""4"",""2"":""6"",""3"":""9"",""4"":""9"",""5"":""1""}}","[""high"",""med"",""low""]",NPPV4YR5HY,type-0
A2UIPRZUHUN9OU,"[""{\""action\"":\""submit\"",\""params\"":[{\""0\"":[0],\""1\"":[0,0],\""2\"":[0,2,2]},null]}"",""{\""action\"":\""submit\"",\""params\"":[{\""0\"":[2],\""1\"":[0,2],\""2\"":[2,0,0]},\""\""]}"",""{\""action\"":\""submit\"",\""params\"":[{\""0\"":[2],\""1\"":[2,0],\""2\"":[2,0,0]},\""\""]}"",""{\""action\"":\""submit\"",\""params\"":[{\""0\"":[0],\""1\"":[0,0],\""2\"":[2,2,0]},\""\""]}"",""{\""action\"":\""submit\"",\""params\"":[{\""0\"":[0],\""1\"":[2,2],\""2\"":[2,0,0]},\""\""]}"",""{\""action\"":\""submit\"",\""params\"":[{\""0\"":[0],\""1\"":[2,2],\""2\"":[2,0,0]},\""\""]}""]","{""0"":{""0"":""disagree"",""1"":""disagree"",""2"":""disagree"",""3"":""agree"",""4"":""disagree"",""5"":""neutral"",""6"":""disagree"",""7"":""agree"",""8"":""agree"",""9"":""agree"",""10"":""neutral"",""11"":""neutral"",""12"":""disagree"",""13"":""neutral"",""14"":""agree"",""15"":""disagree"",""16"":""disagree"",""17"":""disagree"",""18"":""agree"",""19"":""disagree""},""1"":{""0"":""1"",""1"":""1"",""2"":""9"",""3"":""9"",""4"":""9"",""5"":""1""}}","[""high"",""med"",""low""]",y1fVvQzHmu,type-0
AAVLIJQON6PR0,"[""{\""action\"":\""submit\"",\""params\"":[{\""0\"":[0],\""1\"":[0,0],\""2\"":[2,2,2]},null]}"",""{\""action\"":\""submit\"",\""params\"":[{\""0\"":[0],\""1\"":[0,0],\""2\"":[2,2,2]},\""\""]}"",""{\""action\"":\""submit\"",\""params\"":[{\""0\"":[0],\""1\"":[0,2],\""2\"":[2,2,2]},\""\""]}"",""{\""action\"":\""submit\"",\""params\"":[{\""0\"":[0],\""1\"":[2,0],\""2\"":[2,2,0]},\""\""]}"",""{\""action\"":\""submit\"",\""params\"":[{\""0\"":[0],\""1\"":[0,0],\""2\"":[2,2,2]},\""\""]}"",""{\""action\"":\""accept\"",\""params\"":[]}""]","{""0"":{""0"":""strongly disagree"",""1"":""strongly disagree"",""2"":""agree"",""3"":""agree"",""4"":""strongly disagree"",""5"":""disagree"",""6"":""disagree"",""7"":""disagree"",""8"":""neutral"",""9"":""agree"",""10"":""disagree"",""11"":""disagree"",""12"":""disagree"",""13"":""disagree"",""14"":""disagree"",""15"":""disagree"",""16"":""neutral"",""17"":""disagree"",""18"":""strongly agree"",""19"":""strongly disagree""},""1"":{""0"":""9"",""1"":""1"",""2"":""9"",""3"":""9"",""4"":""9"",""5"":""1""}}","[""high"",""med"",""low""]",XdtZh4NmqP,type-0
A1WR6M74EOTJNY,"[""{\""action\"":\""submit\"",\""params\"":[{\""0\"":[0],\""1\"":[0,0],\""2\"":[0,0,0]},null]}"",""{\""action\"":\""submit\"",\""params\"":[{\""0\"":[0],\""1\"":[2,2],\""2\"":[2,0,0]},\""\""]}"",""{\""action\"":\""submit\"",\""params\"":[{\""0\"":[2],\""1\"":[2,2],\""2\"":[2,0,0]},\""\""]}"",""{\""action\"":\""submit\"",\""params\"":[{\""0\"":[0],\""1\"":[0,0],\""2\"":[2,0,2]},\""\""]}"",""{\""action\"":\""submit\"",\""params\"":[{\""0\"":[0],\""1\"":[0,0],\""2\"":[2,2,0]},\""\""]}"",""{\""action\"":\""submit\"",\""params\"":[{\""0\"":[2],\""1\"":[0,0],\""2\"":[2,2,0]},\""\""]}"",""{\""action\"":\""accept\"",\""params\"":[]}""]","{""0"":{""0"":""disagree"",""1"":""disagree"",""2"":""agree"",""3"":""strongly agree"",""4"":""strongly disagree"",""5"":""agree"",""6"":""agree"",""7"":""strongly disagree"",""8"":""agree"",""9"":""agree"",""10"":""agree"",""11"":""disagree"",""12"":""disagree"",""13"":""agree"",""14"":""disagree"",""15"":""agree"",""16"":""agree"",""17"":""disagree"",""18"":""strongly agree"",""19"":""strongly disagree""},""1"":{""0"":""9"",""1"":""1"",""2"":""5"",""3"":""9"",""4"":""9"",""5"":""1""}}","[""high"",""med"",""low""]",TVBp9NJOPV,type-0
A1RTLF0OVZI4QT,"[""{\""action\"":\""submit\"",\""params\"":[{\""0\"":[0],\""1\"":[0,0],\""2\"":[0,0,0]},null]}""]","{""0"":{""0"":""agree"",""1"":""neutral"",""2"":""disagree"",""3"":""strongly disagree"",""4"":""strongly agree"",""5"":""neutral"",""6"":""neutral"",""7"":""agree"",""8"":""neutral"",""9"":""neutral"",""10"":""disagree"",""11"":""strongly agree"",""12"":""strongly agree"",""13"":""strongly disagree"",""14"":""strongly disagree"",""15"":""neutral"",""16"":""strongly disagree"",""17"":""neutral"",""18"":""strongly agree"",""19"":""strongly agree""},""1"":{""0"":""9"",""1"":""5"",""2"":""5"",""3"":""9"",""4"":""9"",""5"":""1""}}","[""high"",""med"",""low""]",j2EPJHAgMu,type-0
  Towel,"[""{\""action\"":\""submit\"",\""params\"":[{\""0\"":[0],\""1\"":[0,2],\""2\"":[2,2,2]},null]}"",""{\""action\"":\""submit\"",\""params\"":[{\""0\"":[0],\""1\"":[0,0],\""2\"":[2,2,2]},\""\""]}"",""{\""action\"":\""submit\"",\""params\"":[{\""0\"":[0],\""1\"":[2,0],\""2\"":[2,2,0]},\""\""]}"",""{\""action\"":\""submit\"",\""params\"":[{\""0\"":[0],\""1\"":[0,0],\""2\"":[2,0,2]},\""\""]}"",""{\""action\"":\""submit\"",\""params\"":[{\""0\"":[0],\""1\"":[0,0],\""2\"":[2,0,2]},\""\""]}"",""{\""action\"":\""submit\"",\""params\"":[{\""0\"":[2],\""1\"":[2,2],\""2\"":[2,0,0]},\""\""]}""]","{""0"":{""0"":""disagree"",""1"":""strongly disagree"",""2"":""agree"",""3"":""agree"",""4"":""disagree"",""5"":""agree"",""6"":""agree"",""7"":""disagree"",""8"":""strongly agree"",""9"":""strongly disagree"",""10"":""neutral"",""11"":""disagree"",""12"":""disagree"",""13"":""neutral"",""14"":""disagree"",""15"":""agree"",""16"":""agree"",""17"":""disagree"",""18"":""disagree"",""19"":""disagree""},""1"":{""0"":""9"",""1"":""5"",""2"":""4"",""3"":""9"",""4"":""9"",""5"":""1""}}","[""high"",""med"",""low""]",6SPTEDFj9q,type-0
A2BHHEWR9PRDX8,"[""{\""action\"":\""submit\"",\""params\"":[{\""0\"":[0],\""1\"":[0,0],\""2\"":[2,2,0]},null]}"",""{\""action\"":\""submit\"",\""params\"":[{\""0\"":[0],\""1\"":[0,0],\""2\"":[2,0,2]},\""\""]}"",""{\""action\"":\""submit\"",\""params\"":[{\""0\"":[0],\""1\"":[0,0],\""2\"":[2,2,2]},\""\""]}"",""{\""action\"":\""accept\"",\""params\"":[]}""]","{""0"":{""0"":""disagree"",""1"":""agree"",""2"":""neutral"",""3"":""agree"",""4"":""agree"",""5"":""disagree"",""6"":""disagree"",""7"":""disagree"",""8"":""agree"",""9"":""neutral"",""10"":""disagree"",""11"":""agree"",""12"":""disagree"",""13"":""disagree"",""14"":""agree"",""15"":""disagree"",""16"":""disagree"",""17"":""agree"",""18"":""agree"",""19"":""strongly disagree""},""1"":{""0"":""9"",""1"":""4"",""2"":""7"",""3"":""9"",""4"":""9"",""5"":""1""}}","[""high"",""med"",""low""]",oxwDXSaptn,type-0
A2FSO42T7M8MFY,"[""{\""action\"":\""submit\"",\""params\"":[{\""0\"":[0],\""1\"":[0,0],\""2\"":[2,2,2]},null]}"",""{\""action\"":\""submit\"",\""params\"":[{\""0\"":[2],\""1\"":[0,2],\""2\"":[2,2,2]},\""\""]}"",""{\""action\"":\""submit\"",\""params\"":[{\""0\"":[0],\""1\"":[0,0],\""2\"":[2,2,2]},\""\""]}"",""{\""action\"":\""submit\"",\""params\"":[{\""0\"":[2],\""1\"":[0,0],\""2\"":[2,2,0]},\""\""]}"",""{\""action\"":\""submit\"",\""params\"":[{\""0\"":[2],\""1\"":[0,0],\""2\"":[2,2,0]},\""\""]}"",""{\""action\"":\""submit\"",\""params\"":[{\""0\"":[2],\""1\"":[0,0],\""2\"":[2,0,2]},\""\""]}"",""{\""action\"":\""accept\"",\""params\"":[]}""]","{""0"":{""0"":""strongly disagree"",""1"":""strongly disagree"",""2"":""strongly disagree"",""3"":""strongly agree"",""4"":""strongly disagree"",""5"":""strongly agree"",""6"":""strongly agree"",""7"":""strongly agree"",""8"":""strongly agree"",""9"":""strongly agree"",""10"":""strongly agree"",""11"":""neutral"",""12"":""strongly agree"",""13"":""agree"",""14"":""agree"",""15"":""strongly agree"",""16"":""disagree"",""17"":""neutral"",""18"":""strongly agree"",""19"":""strongly disagree""},""1"":{""0"":""1"",""1"":""1"",""2"":""9"",""3"":""9"",""4"":""9"",""5"":""9""}}","[""high"",""med"",""low""]",2EA9OgHFdu,type-0
A3J9EHZQ9PERAX,"[""{\""action\"":\""submit\"",\""params\"":[{\""0\"":[0],\""1\"":[0,0],\""2\"":[2,2,2]},null]}"",""{\""action\"":\""submit\"",\""params\"":[{\""0\"":[0],\""1\"":[2,0],\""2\"":[0,2,2]},\""\""]}"",""{\""action\"":\""submit\"",\""params\"":[{\""0\"":[0],\""1\"":[2,2],\""2\"":[0,2,0]},\""\""]}"",""{\""action\"":\""submit\"",\""params\"":[{\""0\"":[2],\""1\"":[2,2],\""2\"":[2,0,0]},\""\""]}"",""{\""action\"":\""submit\"",\""params\"":[{\""0\"":[2],\""1\"":[2,0],\""2\"":[2,0,0]},\""\""]}""]","{""0"":{""0"":""neutral"",""1"":""neutral"",""2"":""agree"",""3"":""neutral"",""4"":""agree"",""5"":""neutral"",""6"":""disagree"",""7"":""disagree"",""8"":""agree"",""9"":""neutral"",""10"":""neutral"",""11"":""agree"",""12"":""agree"",""13"":""disagree"",""14"":""neutral"",""15"":""disagree"",""16"":""neutral"",""17"":""neutral"",""18"":""disagree"",""19"":""neutral""},""1"":{""0"":""9"",""1"":""5"",""2"":""4"",""3"":""9"",""4"":""9"",""5"":""1""}}","[""high"",""med"",""low""]",NgKI0RhMrI,type-0
A13VIJ7G997ZCY,"[""{\""action\"":\""submit\"",\""params\"":[{\""0\"":[0],\""1\"":[0,0],\""2\"":[2,2,2]},null]}"",""{\""action\"":\""submit\"",\""params\"":[{\""0\"":[2],\""1\"":[2,2],\""2\"":[2,0,0]},\""\""]}"",""{\""action\"":\""submit\"",\""params\"":[{\""0\"":[0],\""1\"":[2,2],\""2\"":[2,2,0]},\""\""]}"",""{\""action\"":\""submit\"",\""params\"":[{\""0\"":[0],\""1\"":[0,0],\""2\"":[2,2,0]},\""\""]}"",""{\""action\"":\""submit\"",\""params\"":[{\""0\"":[2],\""1\"":[2,2],\""2\"":[2,0,0]},\""\""]}"",""{\""action\"":\""submit\"",\""params\"":[{\""0\"":[2],\""1\"":[0,0],\""2\"":[2,2,0]},\""\""]}"",""{\""action\"":\""accept\"",\""params\"":[]}""]","{""0"":{""0"":""strongly disagree"",""1"":""strongly disagree"",""2"":""neutral"",""3"":""agree"",""4"":""strongly disagree"",""5"":""agree"",""6"":""disagree"",""7"":""disagree"",""8"":""strongly agree"",""9"":""strongly agree"",""10"":""neutral"",""11"":""strongly disagree"",""12"":""disagree"",""13"":""agree"",""14"":""neutral"",""15"":""disagree"",""16"":""neutral"",""17"":""neutral"",""18"":""strongly agree"",""19"":""disagree""},""1"":{""0"":""9"",""1"":""5"",""2"":""5"",""3"":""9"",""4"":""9"",""5"":""1""}}","[""high"",""med"",""low""]",m6mIFFzJEC,type-0
A1U6A617Q95MTZ,"[""{\""action\"":\""submit\"",\""params\"":[{\""0\"":[0],\""1\"":[2,2],\""2\"":[2,2,2]},null]}"",""{\""action\"":\""submit\"",\""params\"":[{\""0\"":[2],\""1\"":[2,2],\""2\"":[2,2,2]},\""\""]}"",""{\""action\"":\""submit\"",\""params\"":[{\""0\"":[2],\""1\"":[2,2],\""2\"":[2,2,2]},\""\""]}"",""{\""action\"":\""submit\"",\""params\"":[{\""0\"":[0],\""1\"":[0,0],\""2\"":[0,0,0]},\""\""]}""]","{""0"":{""0"":""disagree"",""1"":""disagree"",""2"":""strongly agree"",""3"":""disagree"",""4"":""agree"",""5"":""agree"",""6"":""agree"",""7"":""agree"",""8"":""agree"",""9"":""agree"",""10"":""strongly agree"",""11"":""disagree"",""12"":""disagree"",""13"":""disagree"",""14"":""strongly disagree"",""15"":""neutral"",""16"":""neutral"",""17"":""neutral"",""18"":""agree"",""19"":""disagree""},""1"":{""0"":""9"",""1"":""1"",""2"":""9"",""3"":""9"",""4"":""9"",""5"":""1""}}","[""high"",""med"",""low""]",KGHsPzHKsR,type-0
A3DIY0LLAPKP64,"[""{\""action\"":\""submit\"",\""params\"":[{\""0\"":[0],\""1\"":[0,0],\""2\"":[0,0,0]},null]}"",""{\""action\"":\""submit\"",\""params\"":[{\""0\"":[0],\""1\"":[0,0],\""2\"":[2,2,2]},\""\""]}"",""{\""action\"":\""submit\"",\""params\"":[{\""0\"":[0],\""1\"":[0,0],\""2\"":[2,2,0]},\""\""]}"",""{\""action\"":\""submit\"",\""params\"":[{\""0\"":[2],\""1\"":[0,0],\""2\"":[2,2,0]},\""\""]}"",""{\""action\"":\""submit\"",\""params\"":[{\""0\"":[0],\""1\"":[2,2],\""2\"":[2,0,0]},\""\""]}"",""{\""action\"":\""submit\"",\""params\"":[{\""0\"":[2],\""1\"":[0,0],\""2\"":[2,0,2]},\""\""]}"",""{\""action\"":\""accept\"",\""params\"":[]}""]","{""0"":{""0"":""disagree"",""1"":""disagree"",""2"":""agree"",""3"":""disagree"",""4"":""agree"",""5"":""agree"",""6"":""disagree"",""7"":""agree"",""8"":""strongly agree"",""9"":""strongly agree"",""10"":""disagree"",""11"":""disagree"",""12"":""disagree"",""13"":""disagree"",""14"":""disagree"",""15"":""strongly disagree"",""16"":""agree"",""17"":""neutral"",""18"":""strongly agree"",""19"":""disagree""},""1"":{""0"":""1"",""1"":""1"",""2"":""9"",""3"":""9"",""4"":""9"",""5"":""1""}}","[""high"",""med"",""low""]",bxfAcMAORD,type-0
AP9QPMZF13N0I,"[""{\""action\"":\""submit\"",\""params\"":[{\""0\"":[0],\""1\"":[0,2],\""2\"":[2,2,2]},null]}"",""{\""action\"":\""submit\"",\""params\"":[{\""0\"":[0],\""1\"":[0,2],\""2\"":[0,2,2]},\""\""]}"",""{\""action\"":\""submit\"",\""params\"":[{\""0\"":[0],\""1\"":[0,2],\""2\"":[2,2,0]},\""\""]}"",""{\""action\"":\""submit\"",\""params\"":[{\""0\"":[2],\""1\"":[0,0],\""2\"":[2,0,2]},\""\""]}"",""{\""action\"":\""submit\"",\""params\"":[{\""0\"":[2],\""1\"":[0,0],\""2\"":[2,2,0]},\""\""]}"",""{\""action\"":\""submit\"",\""params\"":[{\""0\"":[2],\""1\"":[2,0],\""2\"":[2,2,0]},\""\""]}"",""{\""action\"":\""submit\"",\""params\"":[{\""0\"":[2],\""1\"":[2,0],\""2\"":[2,2,0]},\""\""]}"",""{\""action\"":\""submit\"",\""params\"":[{\""0\"":[2],\""1\"":[2,0],\""2\"":[2,2,0]},\""\""]}"",""{\""action\"":\""submit\"",\""params\"":[{\""0\"":[2],\""1\"":[2,0],\""2\"":[2,2,0]},\""\""]}"",""{\""action\"":\""submit\"",\""params\"":[{\""0\"":[0],\""1\"":[0,2],\""2\"":[2,2,0]},\""\""]}""]","{""0"":{""0"":""agree"",""1"":""agree"",""2"":""neutral"",""3"":""neutral"",""4"":""agree"",""5"":""neutral"",""6"":""disagree"",""7"":""disagree"",""8"":""disagree"",""9"":""disagree"",""10"":""strongly disagree"",""11"":""agree"",""12"":""agree"",""13"":""neutral"",""14"":""agree"",""15"":""disagree"",""16"":""disagree"",""17"":""agree"",""18"":""strongly agree"",""19"":""disagree""},""1"":{""0"":""1"",""1"":""1"",""2"":""9"",""3"":""9"",""4"":""9"",""5"":""1""}}","[""high"",""med"",""low""]",2BMdfN4hx2,type-0
A211HK32QNTYX1,"[""{\""action\"":\""submit\"",\""params\"":[{\""0\"":[0],\""1\"":[0,2],\""2\"":[2,2,0]},null]}"",""{\""action\"":\""submit\"",\""params\"":[{\""0\"":[0],\""1\"":[0,2],\""2\"":[2,2,0]},\""\""]}"",""{\""action\"":\""submit\"",\""params\"":[{\""0\"":[2],\""1\"":[0,0],\""2\"":[2,2,0]},\""\""]}"",""{\""action\"":\""submit\"",\""params\"":[{\""0\"":[0],\""1\"":[0,0],\""2\"":[2,2,0]},\""\""]}"",""{\""action\"":\""submit\"",\""params\"":[{\""0\"":[0],\""1\"":[0,0],\""2\"":[2,2,0]},\""\""]}"",""{\""action\"":\""submit\"",\""params\"":[{\""0\"":[2],\""1\"":[0,0],\""2\"":[2,2,0]},\""\""]}"",""{\""action\"":\""accept\"",\""params\"":[]}""]","{""0"":{""0"":""neutral"",""1"":""disagree"",""2"":""neutral"",""3"":""neutral"",""4"":""disagree"",""5"":""disagree"",""6"":""disagree"",""7"":""disagree"",""8"":""agree"",""9"":""neutral"",""10"":""neutral"",""11"":""disagree"",""12"":""neutral"",""13"":""disagree"",""14"":""agree"",""15"":""disagree"",""16"":""disagree"",""17"":""neutral"",""18"":""strongly agree"",""19"":""strongly disagree""},""1"":{""0"":""9"",""1"":""5"",""2"":""5"",""3"":""9"",""4"":""9"",""5"":""1""}}","[""high"",""med"",""low""]",A9Ltj6caT3,type-0
A1M682B2WUSYJP,*,"{""0"":{""0"":""agree"",""1"":""neutral"",""2"":""disagree"",""3"":""neutral"",""4"":""neutral"",""5"":""neutral"",""6"":""strongly disagree"",""7"":""agree"",""8"":""neutral"",""9"":""agree"",""10"":""disagree"",""11"":""agree"",""12"":""agree"",""13"":""neutral"",""14"":""neutral"",""15"":""strongly disagree"",""16"":""disagree"",""17"":""neutral"",""18"":""strongly agree"",""19"":""neutral""},""1"":{""0"":""9"",""1"":""5"",""2"":""4"",""3"":""9"",""4"":""9"",""5"":""1""}}",*,*,type-0
AB6A4JAHS4W11,"[""{\""action\"":\""submit\"",\""params\"":[{\""0\"":[0],\""1\"":[2,0],\""2\"":[2,2,0]},null]}"",""{\""action\"":\""submit\"",\""params\"":[{\""0\"":[0],\""1\"":[0,0],\""2\"":[2,2,0]},\""\""]}"",""{\""action\"":\""submit\"",\""params\"":[{\""0\"":[0],\""1\"":[2,2],\""2\"":[0,0,2]},\""\""]}"",""{\""action\"":\""submit\"",\""params\"":[{\""0\"":[0],\""1\"":[0,0],\""2\"":[2,2,0]},\""\""]}"",""{\""action\"":\""submit\"",\""params\"":[{\""0\"":[0],\""1\"":[2,2],\""2\"":[2,0,0]},\""\""]}"",""{\""action\"":\""submit\"",\""params\"":[{\""0\"":[2],\""1\"":[2,2],\""2\"":[2,0,0]},\""\""]}""]","{""0"":{""0"":""disagree"",""1"":""neutral"",""2"":""disagree"",""3"":""disagree"",""4"":""agree"",""5"":""agree"",""6"":""agree"",""7"":""disagree"",""8"":""strongly agree"",""9"":""agree"",""10"":""strongly disagree"",""11"":""strongly agree"",""12"":""strongly agree"",""13"":""disagree"",""14"":""agree"",""15"":""neutral"",""16"":""disagree"",""17"":""agree"",""18"":""strongly agree"",""19"":""strongly disagree""},""1"":{""0"":""9"",""1"":""1"",""2"":""8"",""3"":""9"",""4"":""9"",""5"":""1""}}","[""high"",""med"",""low""]",ylHBd4rTxa,type-0
A6FMGGN74ZJ7C,"[""{\""action\"":\""submit\"",\""params\"":[{\""0\"":[0],\""1\"":[0,0],\""2\"":[0,0,0]},null]}""]","{""0"":{""0"":""neutral"",""1"":""disagree"",""2"":""disagree"",""3"":""neutral"",""4"":""neutral"",""5"":""disagree"",""6"":""neutral"",""7"":""disagree"",""8"":""disagree"",""9"":""neutral"",""10"":""neutral"",""11"":""disagree"",""12"":""neutral"",""13"":""disagree"",""14"":""disagree"",""15"":""neutral"",""16"":""neutral"",""17"":""disagree"",""18"":""disagree"",""19"":""neutral""},""1"":{""0"":""6"",""1"":""5"",""2"":""6"",""3"":""5"",""4"":""4"",""5"":""5""}}","[""high"",""med"",""low""]",GUNY09MTuZ,type-0
A2D28BVEFUUTMO,"[""{\""action\"":\""submit\"",\""params\"":[{\""0\"":[0],\""1\"":[0,0],\""2\"":[2,2,2]},null]}"",""{\""action\"":\""submit\"",\""params\"":[{\""0\"":[0],\""1\"":[0,0],\""2\"":[0,2,2]},\""\""]}"",""{\""action\"":\""submit\"",\""params\"":[{\""0\"":[0],\""1\"":[0,0],\""2\"":[2,2,0]},\""\""]}"",""{\""action\"":\""submit\"",\""params\"":[{\""0\"":[0],\""1\"":[0,0],\""2\"":[2,2,0]},\""\""]}"",""{\""action\"":\""submit\"",\""params\"":[{\""0\"":[0],\""1\"":[2,0],\""2\"":[2,2,0]},\""\""]}"",""{\""action\"":\""accept\"",\""params\"":[]}""]","{""0"":{""0"":""disagree"",""1"":""disagree"",""2"":""agree"",""3"":""disagree"",""4"":""disagree"",""5"":""neutral"",""6"":""neutral"",""7"":""agree"",""8"":""agree"",""9"":""agree"",""10"":""neutral"",""11"":""agree"",""12"":""strongly disagree"",""13"":""disagree"",""14"":""neutral"",""15"":""disagree"",""16"":""strongly disagree"",""17"":""disagree"",""18"":""strongly disagree"",""19"":""strongly disagree""},""1"":{""0"":""8"",""1"":""4"",""2"":""5"",""3"":""9"",""4"":""9"",""5"":""1""}}","[""high"",""med"",""low""]",sO7AtAOWID,type-0
A1TM0YUPC90UFZ,"[""{\""action\"":\""submit\"",\""params\"":[{\""0\"":[0],\""1\"":[2,0],\""2\"":[0,0,0]},null]}""]","{""0"":{""0"":""strongly disagree"",""1"":""disagree"",""2"":""strongly agree"",""3"":""neutral"",""4"":""disagree"",""5"":""disagree"",""6"":""strongly disagree"",""7"":""neutral"",""8"":""disagree"",""9"":""neutral"",""10"":""disagree"",""11"":""neutral"",""12"":""neutral"",""13"":""neutral"",""14"":""disagree"",""15"":""disagree"",""16"":""agree"",""17"":""agree"",""18"":""neutral"",""19"":""disagree""},""1"":{""0"":""5"",""1"":""4"",""2"":""6"",""3"":""5"",""4"":""5"",""5"":""5""}}","[""high"",""med"",""low""]",tFck3vajxq,type-0
A2EOOF9D135HQ1,"[""{\""action\"":\""submit\"",\""params\"":[{\""0\"":[0],\""1\"":[0,0],\""2\"":[2,2,2]},null]}"",""{\""action\"":\""submit\"",\""params\"":[{\""0\"":[0],\""1\"":[0,2],\""2\"":[2,2,0]},\""\""]}"",""{\""action\"":\""submit\"",\""params\"":[{\""0\"":[0],\""1\"":[0,0],\""2\"":[2,2,0]},\""\""]}"",""{\""action\"":\""submit\"",\""params\"":[{\""0\"":[0],\""1\"":[0,0],\""2\"":[2,2,0]},\""\""]}"",""{\""action\"":\""submit\"",\""params\"":[{\""0\"":[0],\""1\"":[2,2],\""2\"":[2,2,0]},\""\""]}"",""{\""action\"":\""submit\"",\""params\"":[{\""0\"":[0],\""1\"":[0,0],\""2\"":[2,2,0]},\""\""]}""]","{""0"":{""0"":""strongly disagree"",""1"":""strongly disagree"",""2"":""agree"",""3"":""agree"",""4"":""disagree"",""5"":""strongly agree"",""6"":""strongly agree"",""7"":""strongly disagree"",""8"":""strongly agree"",""9"":""strongly agree"",""10"":""neutral"",""11"":""agree"",""12"":""strongly disagree"",""13"":""neutral"",""14"":""agree"",""15"":""disagree"",""16"":""strongly disagree"",""17"":""disagree"",""18"":""strongly disagree"",""19"":""strongly disagree""},""1"":{""0"":""1"",""1"":""1"",""2"":""9"",""3"":""9"",""4"":""9"",""5"":""1""}}","[""high"",""med"",""low""]",lzXeCwiyF5,type-0
A2N962G55T9MOB,"[""{\""action\"":\""submit\"",\""params\"":[{\""0\"":[0],\""1\"":[0,0],\""2\"":[2,2,2]},null]}"",""{\""action\"":\""submit\"",\""params\"":[{\""0\"":[2],\""1\"":[0,0],\""2\"":[2,2,0]},\""\""]}"",""{\""action\"":\""submit\"",\""params\"":[{\""0\"":[0],\""1\"":[0,0],\""2\"":[2,2,0]},\""\""]}"",""{\""action\"":\""submit\"",\""params\"":[{\""0\"":[0],\""1\"":[0,2],\""2\"":[2,0,0]},\""\""]}"",""{\""action\"":\""submit\"",\""params\"":[{\""0\"":[0],\""1\"":[2,2],\""2\"":[2,0,0]},\""\""]}"",""{\""action\"":\""accept\"",\""params\"":[]}""]","{""0"":{""0"":""strongly disagree"",""1"":""strongly disagree"",""2"":""strongly disagree"",""3"":""agree"",""4"":""strongly disagree"",""5"":""strongly agree"",""6"":""strongly agree"",""7"":""strongly disagree"",""8"":""strongly agree"",""9"":""strongly agree"",""10"":""strongly agree"",""11"":""strongly disagree"",""12"":""strongly disagree"",""13"":""agree"",""14"":""strongly disagree"",""15"":""strongly agree"",""16"":""strongly agree"",""17"":""strongly disagree"",""18"":""strongly disagree"",""19"":""strongly disagree""},""1"":{""0"":""9"",""1"":""5"",""2"":""4"",""3"":""9"",""4"":""9"",""5"":""1""}}","[""high"",""med"",""low""]",o2TRRJmjM9,type-0
A2TFMDDIPNF02W,"[""{\""action\"":\""submit\"",\""params\"":[{\""0\"":[0],\""1\"":[0,2],\""2\"":[2,2,0]},null]}"",""{\""action\"":\""submit\"",\""params\"":[{\""0\"":[0],\""1\"":[0,0],\""2\"":[2,2,2]},\""\""]}"",""{\""action\"":\""submit\"",\""params\"":[{\""0\"":[2],\""1\"":[2,2],\""2\"":[2,0,0]},\""\""]}"",""{\""action\"":\""submit\"",\""params\"":[{\""0\"":[0],\""1\"":[0,0],\""2\"":[2,2,0]},\""\""]}"",""{\""action\"":\""submit\"",\""params\"":[{\""0\"":[2],\""1\"":[2,2],\""2\"":[2,0,0]},\""\""]}"",""{\""action\"":\""accept\"",\""params\"":[]}""]","{""0"":{""0"":""disagree"",""1"":""neutral"",""2"":""disagree"",""3"":""agree"",""4"":""disagree"",""5"":""neutral"",""6"":""agree"",""7"":""disagree"",""8"":""strongly agree"",""9"":""agree"",""10"":""disagree"",""11"":""neutral"",""12"":""disagree"",""13"":""agree"",""14"":""neutral"",""15"":""strongly agree"",""16"":""strongly disagree"",""17"":""neutral"",""18"":""agree"",""19"":""strongly disagree""},""1"":{""0"":""9"",""1"":""5"",""2"":""5"",""3"":""9"",""4"":""9"",""5"":""1""}}","[""high"",""med"",""low""]",Zc8laLQ6Lv,type-0
ADKKDK6P4MS1Z,"[""{\""action\"":\""submit\"",\""params\"":[{\""0\"":[0],\""1\"":[0,0],\""2\"":[0,0,2]},null]}"",""{\""action\"":\""accept\"",\""params\"":[]}""]","{""0"":{""0"":""neutral"",""1"":""disagree"",""2"":""strongly agree"",""3"":""neutral"",""4"":""agree"",""5"":""agree"",""6"":""agree"",""7"":""disagree"",""8"":""strongly agree"",""9"":""strongly agree"",""10"":""neutral"",""11"":""neutral"",""12"":""disagree"",""13"":""disagree"",""14"":""neutral"",""15"":""agree"",""16"":""neutral"",""17"":""disagree"",""18"":""disagree"",""19"":""strongly disagree""},""1"":{""0"":""9"",""1"":""5"",""2"":""5"",""3"":""9"",""4"":""9"",""5"":""1""}}","[""high"",""med"",""low""]",cdEOfHmlpE,type-0
AZ223PTWQ4AYF,*,"{""0"":{""0"":""disagree"",""1"":""agree"",""2"":""agree"",""3"":""agree"",""4"":""strongly disagree"",""5"":""neutral"",""6"":""disagree"",""7"":""strongly disagree"",""8"":""strongly agree"",""9"":""agree"",""10"":""agree"",""11"":""strongly disagree"",""12"":""agree"",""13"":""disagree"",""14"":""agree"",""15"":""disagree"",""16"":""strongly disagree"",""17"":""disagree"",""18"":""strongly agree"",""19"":""strongly disagree""},""1"":{""0"":""1"",""1"":""1"",""2"":""9"",""3"":""9"",""4"":""9"",""5"":""9""}}","[""high"",""med"",""low""]",*,type-0
A2FHAL8CXRSJPE,"[""{\""action\"":\""submit\"",\""params\"":[{\""0\"":[0],\""1\"":[0,2],\""2\"":[2,2,0]},null]}"",""{\""action\"":\""submit\"",\""params\"":[{\""0\"":[0],\""1\"":[0,0],\""2\"":[2,2,0]},\""\""]}"",""{\""action\"":\""submit\"",\""params\"":[{\""0\"":[2],\""1\"":[2,2],\""2\"":[2,0,0]},\""\""]}"",""{\""action\"":\""submit\"",\""params\"":[{\""0\"":[0],\""1\"":[2,2],\""2\"":[2,0,0]},\""\""]}"",""{\""action\"":\""submit\"",\""params\"":[{\""0\"":[0],\""1\"":[2,0],\""2\"":[2,2,0]},\""\""]}"",""{\""action\"":\""submit\"",\""params\"":[{\""0\"":[2],\""1\"":[0,0],\""2\"":[2,2,0]},\""\""]}"",""{\""action\"":\""submit\"",\""params\"":[{\""0\"":[2],\""1\"":[0,0],\""2\"":[2,2,0]},\""\""]}"",""{\""action\"":\""submit\"",\""params\"":[{\""0\"":[2],\""1\"":[0,0],\""2\"":[2,2,0]},\""\""]}"",""{\""action\"":\""submit\"",\""params\"":[{\""0\"":[2],\""1\"":[2,0],\""2\"":[2,0,0]},\""\""]}"",""{\""action\"":\""submit\"",\""params\"":[{\""0\"":[2],\""1\"":[0,0],\""2\"":[2,2,0]},\""\""]}""]","{""0"":{""0"":""agree"",""1"":""agree"",""2"":""agree"",""3"":""neutral"",""4"":""agree"",""5"":""neutral"",""6"":""disagree"",""7"":""agree"",""8"":""neutral"",""9"":""agree"",""10"":""disagree"",""11"":""agree"",""12"":""agree"",""13"":""agree"",""14"":""agree"",""15"":""neutral"",""16"":""disagree"",""17"":""agree"",""18"":""agree"",""19"":""agree""},""1"":{""0"":""9"",""1"":""5"",""2"":""5"",""3"":""9"",""4"":""9"",""5"":""1""}}","[""high"",""med"",""low""]",HHWSrrwsiF,type-0
AS4WHZ0EVURW,"[""{\""action\"":\""submit\"",\""params\"":[{\""0\"":[2],\""1\"":[0,0],\""2\"":[2,2,0]},null]}"",""{\""action\"":\""submit\"",\""params\"":[{\""0\"":[0],\""1\"":[0,0],\""2\"":[2,2,0]},\""\""]}"",""{\""action\"":\""submit\"",\""params\"":[{\""0\"":[2],\""1\"":[2,2],\""2\"":[2,2,2]},\""\""]}"",""{\""action\"":\""submit\"",\""params\"":[{\""0\"":[2],\""1\"":[2,2],\""2\"":[2,0,0]},\""\""]}"",""{\""action\"":\""submit\"",\""params\"":[{\""0\"":[2],\""1\"":[2,2],\""2\"":[2,0,0]},\""\""]}"",""{\""action\"":\""submit\"",\""params\"":[{\""0\"":[0],\""1\"":[0,0],\""2\"":[2,2,0]},\""\""]}""]","{""0"":{""0"":""neutral"",""1"":""neutral"",""2"":""neutral"",""3"":""neutral"",""4"":""disagree"",""5"":""neutral"",""6"":""neutral"",""7"":""neutral"",""8"":""agree"",""9"":""neutral"",""10"":""neutral"",""11"":""agree"",""12"":""disagree"",""13"":""disagree"",""14"":""neutral"",""15"":""neutral"",""16"":""neutral"",""17"":""neutral"",""18"":""agree"",""19"":""neutral""},""1"":{""0"":""1"",""1"":""1"",""2"":""9"",""3"":""9"",""4"":""9"",""5"":""1""}}","[""high"",""med"",""low""]",FA7XG6hT89,type-0
A1PLKT0OSX7AHC,"[""{\""action\"":\""submit\"",\""params\"":[{\""0\"":[0],\""1\"":[0,0],\""2\"":[2,0,0]},null]}"",""{\""action\"":\""submit\"",\""params\"":[{\""0\"":[2],\""1\"":[0,0],\""2\"":[2,2,0]},\""\""]}"",""{\""action\"":\""submit\"",\""params\"":[{\""0\"":[2],\""1\"":[0,0],\""2\"":[2,2,0]},\""\""]}"",""{\""action\"":\""submit\"",\""params\"":[{\""0\"":[0],\""1\"":[0,0],\""2\"":[2,2,0]},\""\""]}"",""{\""action\"":\""submit\"",\""params\"":[{\""0\"":[0],\""1\"":[2,2],\""2\"":[2,0,0]},\""\""]}"",""{\""action\"":\""accept\"",\""params\"":[]}""]","{""0"":{""0"":""disagree"",""1"":""strongly disagree"",""2"":""neutral"",""3"":""neutral"",""4"":""neutral"",""5"":""neutral"",""6"":""neutral"",""7"":""agree"",""8"":""strongly agree"",""9"":""agree"",""10"":""neutral"",""11"":""neutral"",""12"":""neutral"",""13"":""neutral"",""14"":""neutral"",""15"":""strongly disagree"",""16"":""neutral"",""17"":""strongly agree"",""18"":""strongly agree"",""19"":""strongly agree""},""1"":{""0"":""9"",""1"":""5"",""2"":""4"",""3"":""9"",""4"":""9"",""5"":""1""}}","[""high"",""med"",""low""]",HVv1CbuFy3,type-0
A1MYLQQL8BBOYT,"[""{\""action\"":\""submit\"",\""params\"":[{\""0\"":[2],\""1\"":[0,0],\""2\"":[2,2,0]},null]}"",""{\""action\"":\""submit\"",\""params\"":[{\""0\"":[0],\""1\"":[0,0],\""2\"":[2,2,2]},\""\""]}"",""{\""action\"":\""submit\"",\""params\"":[{\""0\"":[0],\""1\"":[0,0],\""2\"":[2,2,2]},\""\""]}"",""{\""action\"":\""submit\"",\""params\"":[{\""0\"":[0],\""1\"":[2,0],\""2\"":[0,2,2]},\""\""]}"",""{\""action\"":\""submit\"",\""params\"":[{\""0\"":[0],\""1\"":[0,0],\""2\"":[0,2,2]},\""\""]}"",""{\""action\"":\""submit\"",\""params\"":[{\""0\"":[2],\""1\"":[2,2],\""2\"":[2,0,0]},\""\""]}""]","{""0"":{""0"":""neutral"",""1"":""agree"",""2"":""neutral"",""3"":""neutral"",""4"":""agree"",""5"":""disagree"",""6"":""disagree"",""7"":""agree"",""8"":""disagree"",""9"":""disagree"",""10"":""strongly disagree"",""11"":""agree"",""12"":""neutral"",""13"":""disagree"",""14"":""neutral"",""15"":""agree"",""16"":""disagree"",""17"":""neutral"",""18"":""agree"",""19"":""disagree""},""1"":{""0"":""9"",""1"":""5"",""2"":""5"",""3"":""9"",""4"":""9"",""5"":""1""}}","[""high"",""med"",""low""]",C8w6wSZYsc,type-0
A3RBT1V8BGYB2K,"[""{\""action\"":\""submit\"",\""params\"":[{\""0\"":[0],\""1\"":[0,0],\""2\"":[2,2,0]},null]}"",""{\""action\"":\""submit\"",\""params\"":[{\""0\"":[2],\""1\"":[0,0],\""2\"":[0,2,2]},\""\""]}"",""{\""action\"":\""submit\"",\""params\"":[{\""0\"":[0],\""1\"":[0,0],\""2\"":[2,2,0]},\""\""]}"",""{\""action\"":\""submit\"",\""params\"":[{\""0\"":[0],\""1\"":[0,0],\""2\"":[2,0,2]},\""\""]}"",""{\""action\"":\""submit\"",\""params\"":[{\""0\"":[0],\""1\"":[2,2],\""2\"":[2,0,0]},\""\""]}"",""{\""action\"":\""submit\"",\""params\"":[{\""0\"":[0],\""1\"":[2,2],\""2\"":[2,0,0]},\""\""]}""]","{""0"":{""0"":""agree"",""1"":""agree"",""2"":""strongly agree"",""3"":""agree"",""4"":""disagree"",""5"":""disagree"",""6"":""disagree"",""7"":""agree"",""8"":""agree"",""9"":""agree"",""10"":""disagree"",""11"":""disagree"",""12"":""strongly disagree"",""13"":""agree"",""14"":""agree"",""15"":""strongly agree"",""16"":""disagree"",""17"":""agree"",""18"":""strongly agree"",""19"":""strongly disagree""},""1"":{""0"":""9"",""1"":""5"",""2"":""6"",""3"":""9"",""4"":""9"",""5"":""1""}}","[""high"",""med"",""low""]",FXNhFPrfpg,type-0
A3RYI5HXC2MJLN,*,"{""0"":{""0"":""strongly agree"",""1"":""strongly agree"",""2"":""neutral"",""3"":""strongly disagree"",""4"":""neutral"",""5"":""agree"",""6"":""disagree"",""7"":""agree"",""8"":""agree"",""9"":""neutral"",""10"":""disagree"",""11"":""strongly agree"",""12"":""disagree"",""13"":""disagree"",""14"":""neutral"",""15"":""agree"",""16"":""strongly disagree"",""17"":""agree"",""18"":""neutral"",""19"":""strongly disagree""},""1"":{""0"":""1"",""1"":""1"",""2"":""6"",""3"":""9"",""4"":""9"",""5"":""1""}}",*,*,type-0
A1K75ALN5NQIJM,"[""{\""action\"":\""submit\"",\""params\"":[{\""0\"":[0],\""1\"":[0,0],\""2\"":[2,2,2]},null]}"",""{\""action\"":\""submit\"",\""params\"":[{\""0\"":[0],\""1\"":[0,0],\""2\"":[2,2,0]},\""\""]}"",""{\""action\"":\""submit\"",\""params\"":[{\""0\"":[0],\""1\"":[0,0],\""2\"":[2,2,0]},\""\""]}"",""{\""action\"":\""submit\"",\""params\"":[{\""0\"":[2],\""1\"":[2,2],\""2\"":[2,0,0]},\""\""]}"",""{\""action\"":\""submit\"",\""params\"":[{\""0\"":[0],\""1\"":[0,0],\""2\"":[2,2,0]},\""\""]}"",""{\""action\"":\""submit\"",\""params\"":[{\""0\"":[0],\""1\"":[0,0],\""2\"":[2,2,0]},\""\""]}""]","{""0"":{""0"":""disagree"",""1"":""neutral"",""2"":""agree"",""3"":""agree"",""4"":""disagree"",""5"":""disagree"",""6"":""disagree"",""7"":""neutral"",""8"":""agree"",""9"":""agree"",""10"":""disagree"",""11"":""neutral"",""12"":""disagree"",""13"":""disagree"",""14"":""neutral"",""15"":""disagree"",""16"":""disagree"",""17"":""neutral"",""18"":""agree"",""19"":""disagree""},""1"":{""0"":""9"",""1"":""5"",""2"":""5"",""3"":""9"",""4"":""9"",""5"":""1""}}","[""high"",""med"",""low""]",xCUjlF5g4l,type-0
A2BVUVKIS50IR8,"[""{\""action\"":\""submit\"",\""params\"":[{\""0\"":[2],\""1\"":[2,2],\""2\"":[2,0,0]},null]}"",""{\""action\"":\""submit\"",\""params\"":[{\""0\"":[2],\""1\"":[0,2],\""2\"":[2,0,0]},\""\""]}"",""{\""action\"":\""submit\"",\""params\"":[{\""0\"":[2],\""1\"":[0,0],\""2\"":[2,0,0]},\""\""]}""]","{""0"":{""0"":""strongly agree"",""1"":""neutral"",""2"":""disagree"",""3"":""agree"",""4"":""disagree"",""5"":""strongly disagree"",""6"":""strongly disagree"",""7"":""strongly disagree"",""8"":""neutral"",""9"":""neutral"",""10"":""agree"",""11"":""disagree"",""12"":""disagree"",""13"":""agree"",""14"":""neutral"",""15"":""strongly disagree"",""16"":""agree"",""17"":""agree"",""18"":""strongly agree"",""19"":""strongly disagree""},""1"":{""0"":""9"",""1"":""5"",""2"":""5"",""3"":""9"",""4"":""9"",""5"":""1""}}","[""high"",""med"",""low""]",rfaomdRpaG,type-0
A3NUIEPMZSHEZ4,"[""{\""action\"":\""submit\"",\""params\"":[{\""0\"":[0],\""1\"":[2,0],\""2\"":[2,2,0]},null]}"",""{\""action\"":\""submit\"",\""params\"":[{\""0\"":[0],\""1\"":[2,2],\""2\"":[2,0,0]},\""\""]}"",""{\""action\"":\""submit\"",\""params\"":[{\""0\"":[0],\""1\"":[2,2],\""2\"":[0,2,0]},\""\""]}"",""{\""action\"":\""submit\"",\""params\"":[{\""0\"":[2],\""1\"":[0,0],\""2\"":[2,2,0]},\""\""]}"",""{\""action\"":\""submit\"",\""params\"":[{\""0\"":[0],\""1\"":[0,0],\""2\"":[2,0,2]},\""\""]}"",""{\""action\"":\""submit\"",\""params\"":[{\""0\"":[0],\""1\"":[2,2],\""2\"":[2,0,0]},\""\""]}""]","{""0"":{""0"":""neutral"",""1"":""disagree"",""2"":""neutral"",""3"":""agree"",""4"":""disagree"",""5"":""agree"",""6"":""neutral"",""7"":""disagree"",""8"":""agree"",""9"":""agree"",""10"":""neutral"",""11"":""disagree"",""12"":""disagree"",""13"":""neutral"",""14"":""neutral"",""15"":""neutral"",""16"":""neutral"",""17"":""neutral"",""18"":""strongly agree"",""19"":""disagree""},""1"":{""0"":""9"",""1"":""5"",""2"":""5"",""3"":""9"",""4"":""9"",""5"":""1""}}","[""high"",""med"",""low""]",lJMlUwF9hg,type-0
A1KGCOR8OXYR72,"[""{\""action\"":\""submit\"",\""params\"":[{\""0\"":[0],\""1\"":[0,0],\""2\"":[2,2,2]},null]}"",""{\""action\"":\""submit\"",\""params\"":[{\""0\"":[0],\""1\"":[0,2],\""2\"":[2,2,0]},\""\""]}"",""{\""action\"":\""submit\"",\""params\"":[{\""0\"":[2],\""1\"":[2,2],\""2\"":[2,0,0]},\""\""]}"",""{\""action\"":\""submit\"",\""params\"":[{\""0\"":[0],\""1\"":[2,2],\""2\"":[2,0,0]},\""\""]}"",""{\""action\"":\""submit\"",\""params\"":[{\""0\"":[2],\""1\"":[0,0],\""2\"":[2,2,0]},\""\""]}"",""{\""action\"":\""accept\"",\""params\"":[]}""]","{""0"":{""0"":""agree"",""1"":""disagree"",""2"":""agree"",""3"":""neutral"",""4"":""agree"",""5"":""disagree"",""6"":""disagree"",""7"":""disagree"",""8"":""neutral"",""9"":""disagree"",""10"":""disagree"",""11"":""agree"",""12"":""disagree"",""13"":""disagree"",""14"":""agree"",""15"":""disagree"",""16"":""disagree"",""17"":""agree"",""18"":""strongly agree"",""19"":""disagree""},""1"":{""0"":""1"",""1"":""1"",""2"":""9"",""3"":""9"",""4"":""9"",""5"":""1""}}","[""high"",""med"",""low""]",ZcdMjPIZTB,type-0
A1GZOEMTN2KYDA,"[""{\""action\"":\""submit\"",\""params\"":[{\""0\"":[2],\""1\"":[0,2],\""2\"":[2,0,0]},null]}"",""{\""action\"":\""accept\"",\""params\"":[]}""]","{""0"":{""0"":""neutral"",""1"":""agree"",""2"":""agree"",""3"":""agree"",""4"":""neutral"",""5"":""neutral"",""6"":""agree"",""7"":""neutral"",""8"":""disagree"",""9"":""neutral"",""10"":""agree"",""11"":""agree"",""12"":""agree"",""13"":""agree"",""14"":""agree"",""15"":""agree"",""16"":""disagree"",""17"":""neutral"",""18"":""neutral"",""19"":""disagree""},""1"":{""0"":""1"",""1"":""1"",""2"":""9"",""3"":""9"",""4"":""9"",""5"":""9""}}","[""high"",""med"",""low""]",RphKIBB9pV,type-0
A2SNX0RFIPIO60,"[""{\""action\"":\""submit\"",\""params\"":[{\""0\"":[0],\""1\"":[2,2],\""2\"":[2,2,2]},null]}"",""{\""action\"":\""submit\"",\""params\"":[{\""0\"":[0],\""1\"":[2,2],\""2\"":[2,0,0]},\""\""]}"",""{\""action\"":\""submit\"",\""params\"":[{\""0\"":[0],\""1\"":[0,0],\""2\"":[2,2,0]},\""\""]}"",""{\""action\"":\""submit\"",\""params\"":[{\""0\"":[2],\""1\"":[0,0],\""2\"":[2,2,0]},\""\""]}"",""{\""action\"":\""submit\"",\""params\"":[{\""0\"":[2],\""1\"":[2,2],\""2\"":[2,0,0]},\""\""]}"",""{\""action\"":\""submit\"",\""params\"":[{\""0\"":[0],\""1\"":[2,2],\""2\"":[2,0,0]},\""\""]}""]","{""0"":{""0"":""disagree"",""1"":""disagree"",""2"":""disagree"",""3"":""agree"",""4"":""disagree"",""5"":""agree"",""6"":""disagree"",""7"":""disagree"",""8"":""agree"",""9"":""agree"",""10"":""neutral"",""11"":""disagree"",""12"":""disagree"",""13"":""disagree"",""14"":""disagree"",""15"":""agree"",""16"":""agree"",""17"":""disagree"",""18"":""agree"",""19"":""strongly disagree""},""1"":{""0"":""1"",""1"":""1"",""2"":""9"",""3"":""9"",""4"":""9"",""5"":""1""}}","[""high"",""med"",""low""]",1sHI28wJxM,type-0
A13WPY58VH89M5,"[""{\""action\"":\""submit\"",\""params\"":[{\""0\"":[0],\""1\"":[0,0],\""2\"":[0,2,0]},null]}"",""{\""action\"":\""submit\"",\""params\"":[{\""0\"":[2],\""1\"":[0,2],\""2\"":[2,0,0]},\""\""]}"",""{\""action\"":\""submit\"",\""params\"":[{\""0\"":[2],\""1\"":[2,2],\""2\"":[0,2,0]},\""\""]}"",""{\""action\"":\""submit\"",\""params\"":[{\""0\"":[2],\""1\"":[0,0],\""2\"":[2,2,0]},\""\""]}"",""{\""action\"":\""submit\"",\""params\"":[{\""0\"":[0],\""1\"":[2,0],\""2\"":[2,2,0]},\""\""]}"",""{\""action\"":\""submit\"",\""params\"":[{\""0\"":[2],\""1\"":[2,2],\""2\"":[2,0,0]},\""\""]}""]","{""0"":{""0"":""disagree"",""1"":""neutral"",""2"":""disagree"",""3"":""agree"",""4"":""neutral"",""5"":""disagree"",""6"":""disagree"",""7"":""agree"",""8"":""agree"",""9"":""disagree"",""10"":""disagree"",""11"":""disagree"",""12"":""disagree"",""13"":""disagree"",""14"":""agree"",""15"":""disagree"",""16"":""disagree"",""17"":""agree"",""18"":""neutral"",""19"":""disagree""},""1"":{""0"":""7"",""1"":""1"",""2"":""5"",""3"":""9"",""4"":""9"",""5"":""1""}}","[""high"",""med"",""low""]",q42oPMlnPL,type-0
AK0Y6OITL7VGX,"[""{\""action\"":\""submit\"",\""params\"":[{\""0\"":[2],\""1\"":[2,0],\""2\"":[2,0,0]},null]}"",""{\""action\"":\""submit\"",\""params\"":[{\""0\"":[2],\""1\"":[0,0],\""2\"":[0,0,2]},\""\""]}"",""{\""action\"":\""accept\"",\""params\"":[]}""]","{""0"":{""0"":""disagree"",""1"":""disagree"",""2"":""agree"",""3"":""agree"",""4"":""disagree"",""5"":""agree"",""6"":""agree"",""7"":""disagree"",""8"":""agree"",""9"":""agree"",""10"":""agree"",""11"":""neutral"",""12"":""strongly disagree"",""13"":""disagree"",""14"":""neutral"",""15"":""agree"",""16"":""neutral"",""17"":""disagree"",""18"":""agree"",""19"":""strongly disagree""},""1"":{""0"":""9"",""1"":""5"",""2"":""4"",""3"":""9"",""4"":""9"",""5"":""1""}}","[""high"",""med"",""low""]",KmG6RFqtUb,type-0
A32Y2DA2CW8YWN,"[""{\""action\"":\""submit\"",\""params\"":[{\""0\"":[0],\""1\"":[0,0],\""2\"":[0,0,0]},null]}"",""{\""action\"":\""submit\"",\""params\"":[{\""0\"":[2],\""1\"":[0,0],\""2\"":[2,2,0]},\""\""]}"",""{\""action\"":\""submit\"",\""params\"":[{\""0\"":[0],\""1\"":[0,2],\""2\"":[2,2,0]},\""\""]}"",""{\""action\"":\""submit\"",\""params\"":[{\""0\"":[2],\""1\"":[0,0],\""2\"":[2,0,2]},\""\""]}"",""{\""action\"":\""submit\"",\""params\"":[{\""0\"":[0],\""1\"":[0,0],\""2\"":[2,0,2]},\""\""]}"",""{\""action\"":\""submit\"",\""params\"":[{\""0\"":[0],\""1\"":[2,0],\""2\"":[2,0,2]},\""\""]}"",""{\""action\"":\""accept\"",\""params\"":[]}""]","{""0"":{""0"":""disagree"",""1"":""disagree"",""2"":""agree"",""3"":""agree"",""4"":""strongly disagree"",""5"":""neutral"",""6"":""disagree"",""7"":""neutral"",""8"":""strongly agree"",""9"":""agree"",""10"":""strongly disagree"",""11"":""agree"",""12"":""disagree"",""13"":""agree"",""14"":""disagree"",""15"":""agree"",""16"":""disagree"",""17"":""agree"",""18"":""strongly agree"",""19"":""strongly disagree""},""1"":{""0"":""9"",""1"":""5"",""2"":""5"",""3"":""9"",""4"":""9"",""5"":""1""}}","[""high"",""med"",""low""]",zFPX5kOLx8,type-0
A1640H4RXH8NZE,"[""{\""action\"":\""submit\"",\""params\"":[{\""0\"":[2],\""1\"":[2,0],\""2\"":[2,0,0]},null]}"",""{\""action\"":\""submit\"",\""params\"":[{\""0\"":[0],\""1\"":[0,0],\""2\"":[2,2,0]},\""\""]}"",""{\""action\"":\""submit\"",\""params\"":[{\""0\"":[0],\""1\"":[0,0],\""2\"":[2,2,0]},\""\""]}"",""{\""action\"":\""submit\"",\""params\"":[{\""0\"":[2],\""1\"":[0,0],\""2\"":[2,2,0]},\""\""]}"",""{\""action\"":\""submit\"",\""params\"":[{\""0\"":[0],\""1\"":[2,2],\""2\"":[2,2,0]},\""\""]}"",""{\""action\"":\""submit\"",\""params\"":[{\""0\"":[2],\""1\"":[2,2],\""2\"":[2,0,0]},\""\""]}""]","{""0"":{""0"":""disagree"",""1"":""disagree"",""2"":""disagree"",""3"":""agree"",""4"":""agree"",""5"":""disagree"",""6"":""disagree"",""7"":""disagree"",""8"":""agree"",""9"":""agree"",""10"":""disagree"",""11"":""agree"",""12"":""agree"",""13"":""agree"",""14"":""disagree"",""15"":""disagree"",""16"":""disagree"",""17"":""agree"",""18"":""strongly agree"",""19"":""disagree""},""1"":{""0"":""7"",""1"":""4"",""2"":""6"",""3"":""9"",""4"":""3"",""5"":""1""}}","[""high"",""med"",""low""]",zYDiE7prmk,type-0
AD72VY8GLM8E2,"[""{\""action\"":\""submit\"",\""params\"":[{\""0\"":[2],\""1\"":[0,0],\""2\"":[2,2,0]},null]}"",""{\""action\"":\""submit\"",\""params\"":[{\""0\"":[2],\""1\"":[2,2],\""2\"":[2,0,0]},\""\""]}"",""{\""action\"":\""submit\"",\""params\"":[{\""0\"":[2],\""1\"":[2,2],\""2\"":[2,0,0]},\""\""]}"",""{\""action\"":\""submit\"",\""params\"":[{\""0\"":[2],\""1\"":[2,0],\""2\"":[2,0,0]},\""\""]}"",""{\""action\"":\""submit\"",\""params\"":[{\""0\"":[0],\""1\"":[2,2],\""2\"":[2,0,0]},\""\""]}"",""{\""action\"":\""submit\"",\""params\"":[{\""0\"":[0],\""1\"":[0,0],\""2\"":[2,2,0]},\""\""]}""]","{""0"":{""0"":""agree"",""1"":""agree"",""2"":""disagree"",""3"":""agree"",""4"":""strongly disagree"",""5"":""disagree"",""6"":""strongly disagree"",""7"":""disagree"",""8"":""neutral"",""9"":""disagree"",""10"":""neutral"",""11"":""disagree"",""12"":""disagree"",""13"":""agree"",""14"":""strongly agree"",""15"":""agree"",""16"":""disagree"",""17"":""strongly agree"",""18"":""strongly agree"",""19"":""strongly disagree""},""1"":{""0"":""9"",""1"":""5"",""2"":""4"",""3"":""9"",""4"":""9"",""5"":""1""}}","[""high"",""med"",""low""]",PJpt7MprVx,type-0
A1LRJ4U04532TM,*,"{""0"":{""0"":""disagree"",""1"":""agree"",""2"":""agree"",""3"":""neutral"",""4"":""agree"",""5"":""agree"",""6"":""disagree"",""7"":""strongly agree"",""8"":""agree"",""9"":""agree"",""10"":""disagree"",""11"":""agree"",""12"":""disagree"",""13"":""disagree"",""14"":""neutral"",""15"":""agree"",""16"":""strongly disagree"",""17"":""strongly disagree"",""18"":""strongly agree"",""19"":""agree""},""1"":{""0"":""9"",""1"":""5"",""2"":""5"",""3"":""9"",""4"":""9"",""5"":""1""}}","[""high"",""med"",""low""]",*,type-0
A2ABSQBRUAUS4C,"[""{\""action\"":\""submit\"",\""params\"":[{\""0\"":[0],\""1\"":[0,0],\""2\"":[2,0,0]},null]}"",""{\""action\"":\""submit\"",\""params\"":[{\""0\"":[0],\""1\"":[0,0],\""2\"":[2,2,2]},\""\""]}"",""{\""action\"":\""submit\"",\""params\"":[{\""0\"":[2],\""1\"":[0,0],\""2\"":[2,0,0]},\""\""]}"",""{\""action\"":\""submit\"",\""params\"":[{\""0\"":[0],\""1\"":[0,0],\""2\"":[2,2,0]},\""\""]}"",""{\""action\"":\""submit\"",\""params\"":[{\""0\"":[2],\""1\"":[2,0],\""2\"":[2,0,0]},\""\""]}""]","{""0"":{""0"":""disagree"",""1"":""agree"",""2"":""strongly disagree"",""3"":""agree"",""4"":""disagree"",""5"":""strongly agree"",""6"":""agree"",""7"":""disagree"",""8"":""strongly agree"",""9"":""strongly agree"",""10"":""agree"",""11"":""disagree"",""12"":""agree"",""13"":""disagree"",""14"":""strongly agree"",""15"":""disagree"",""16"":""strongly disagree"",""17"":""agree"",""18"":""strongly agree"",""19"":""strongly disagree""},""1"":{""0"":""1"",""1"":""3"",""2"":""5"",""3"":""9"",""4"":""9"",""5"":""1""}}","[""high"",""med"",""low""]",zTbn89RYS8,type-0
A2AAY4VT9L71SY,"[""{\""action\"":\""submit\"",\""params\"":[{\""0\"":[2],\""1\"":[0,2],\""2\"":[2,0,2]},null]}"",""{\""action\"":\""accept\"",\""params\"":[]}""]","{""0"":{""0"":""disagree"",""1"":""disagree"",""2"":""disagree"",""3"":""neutral"",""4"":""strongly disagree"",""5"":""neutral"",""6"":""strongly disagree"",""7"":""disagree"",""8"":""agree"",""9"":""neutral"",""10"":""neutral"",""11"":""disagree"",""12"":""disagree"",""13"":""neutral"",""14"":""neutral"",""15"":""agree"",""16"":""disagree"",""17"":""agree"",""18"":""agree"",""19"":""strongly disagree""},""1"":{""0"":""1"",""1"":""1"",""2"":""9"",""3"":""9"",""4"":""9"",""5"":""1""}}","[""high"",""med"",""low""]",RUF6gU2TXj,type-0
A234BFY8K3WEIG,"[""{\""action\"":\""submit\"",\""params\"":[{\""0\"":[0],\""1\"":[0,0],\""2\"":[2,0,0]},null]}"",""{\""action\"":\""submit\"",\""params\"":[{\""0\"":[0],\""1\"":[0,0],\""2\"":[2,2,0]},\""\""]}"",""{\""action\"":\""submit\"",\""params\"":[{\""0\"":[2],\""1\"":[2,2],\""2\"":[2,0,0]},\""\""]}"",""{\""action\"":\""submit\"",\""params\"":[{\""0\"":[0],\""1\"":[0,0],\""2\"":[2,2,0]},\""\""]}"",""{\""action\"":\""submit\"",\""params\"":[{\""0\"":[0],\""1\"":[0,0],\""2\"":[2,2,0]},\""\""]}"",""{\""action\"":\""submit\"",\""params\"":[{\""0\"":[0],\""1\"":[0,0],\""2\"":[2,2,0]},\""\""]}""]","{""0"":{""0"":""strongly disagree"",""1"":""disagree"",""2"":""neutral"",""3"":""agree"",""4"":""disagree"",""5"":""neutral"",""6"":""neutral"",""7"":""disagree"",""8"":""strongly agree"",""9"":""agree"",""10"":""disagree"",""11"":""neutral"",""12"":""disagree"",""13"":""neutral"",""14"":""neutral"",""15"":""disagree"",""16"":""disagree"",""17"":""agree"",""18"":""strongly agree"",""19"":""neutral""},""1"":{""0"":""9"",""1"":""5"",""2"":""4"",""3"":""9"",""4"":""9"",""5"":""1""}}","[""high"",""med"",""low""]",IzTVPbPvH2,type-0
A3UV55HC87DO9C,"[""{\""action\"":\""submit\"",\""params\"":[{\""0\"":[0],\""1\"":[0,0],\""2\"":[0,0,0]},null]}""]","{""0"":{""0"":""agree"",""1"":""agree"",""2"":""agree"",""3"":""agree"",""4"":""neutral"",""5"":""neutral"",""6"":""agree"",""7"":""disagree"",""8"":""agree"",""9"":""agree"",""10"":""agree"",""11"":""agree"",""12"":""agree"",""13"":""disagree"",""14"":""agree"",""15"":""agree"",""16"":""disagree"",""17"":""agree"",""18"":""agree"",""19"":""disagree""},""1"":{""0"":""9"",""1"":""1"",""2"":""1"",""3"":""9"",""4"":""9"",""5"":""1""}}","[""high"",""med"",""low""]",iAkB7MFo2s,type-0
AS7WV8YWOEO55,"[""{\""action\"":\""submit\"",\""params\"":[{\""0\"":[2],\""1\"":[0,0],\""2\"":[2,2,2]},null]}"",""{\""action\"":\""submit\"",\""params\"":[{\""0\"":[0],\""1\"":[0,2],\""2\"":[2,0,2]},\""\""]}"",""{\""action\"":\""submit\"",\""params\"":[{\""0\"":[0],\""1\"":[0,0],\""2\"":[2,2,2]},\""\""]}"",""{\""action\"":\""submit\"",\""params\"":[{\""0\"":[2],\""1\"":[0,0],\""2\"":[2,2,0]},\""\""]}"",""{\""action\"":\""submit\"",\""params\"":[{\""0\"":[0],\""1\"":[0,0],\""2\"":[2,2,2]},\""\""]}"",""{\""action\"":\""submit\"",\""params\"":[{\""0\"":[2],\""1\"":[0,0],\""2\"":[2,2,0]},\""\""]}"",""{\""action\"":\""submit\"",\""params\"":[{\""0\"":[0],\""1\"":[2,0],\""2\"":[2,2,0]},\""\""]}"",""{\""action\"":\""submit\"",\""params\"":[{\""0\"":[2],\""1\"":[0,0],\""2\"":[2,2,0]},\""\""]}"",""{\""action\"":\""submit\"",\""params\"":[{\""0\"":[0],\""1\"":[2,0],\""2\"":[2,2,0]},\""\""]}"",""{\""action\"":\""submit\"",\""params\"":[{\""0\"":[2],\""1\"":[0,0],\""2\"":[2,2,0]},\""\""]}""]","{""0"":{""0"":""strongly agree"",""1"":""strongly agree"",""2"":""strongly agree"",""3"":""strongly agree"",""4"":""strongly agree"",""5"":""agree"",""6"":""disagree"",""7"":""strongly agree"",""8"":""strongly agree"",""9"":""strongly agree"",""10"":""strongly agree"",""11"":""strongly agree"",""12"":""strongly agree"",""13"":""strongly agree"",""14"":""strongly agree"",""15"":""strongly agree"",""16"":""strongly disagree"",""17"":""strongly agree"",""18"":""strongly agree"",""19"":""strongly agree""},""1"":{""0"":""6"",""1"":""5"",""2"":""5"",""3"":""9"",""4"":""8"",""5"":""1""}}","[""high"",""med"",""low""]",hrwUrlillq,type-0
A40LU73SS18IW,"[""{\""action\"":\""submit\"",\""params\"":[{\""0\"":[0],\""1\"":[2,0],\""2\"":[2,2,0]},null]}"",""{\""action\"":\""submit\"",\""params\"":[{\""0\"":[0],\""1\"":[0,0],\""2\"":[2,2,2]},\""\""]}"",""{\""action\"":\""submit\"",\""params\"":[{\""0\"":[0],\""1\"":[0,2],\""2\"":[2,2,0]},\""\""]}"",""{\""action\"":\""submit\"",\""params\"":[{\""0\"":[2],\""1\"":[0,0],\""2\"":[2,2,0]},\""\""]}"",""{\""action\"":\""submit\"",\""params\"":[{\""0\"":[2],\""1\"":[2,2],\""2\"":[2,0,0]},\""\""]}"",""{\""action\"":\""submit\"",\""params\"":[{\""0\"":[0],\""1\"":[0,0],\""2\"":[2,2,0]},\""\""]}""]","{""0"":{""0"":""disagree"",""1"":""disagree"",""2"":""agree"",""3"":""agree"",""4"":""disagree"",""5"":""neutral"",""6"":""disagree"",""7"":""disagree"",""8"":""agree"",""9"":""agree"",""10"":""neutral"",""11"":""disagree"",""12"":""disagree"",""13"":""neutral"",""14"":""agree"",""15"":""agree"",""16"":""neutral"",""17"":""agree"",""18"":""agree"",""19"":""strongly disagree""},""1"":{""0"":""9"",""1"":""5"",""2"":""5"",""3"":""9"",""4"":""9"",""5"":""1""}}","[""high"",""med"",""low""]",lPOdPqY9u5,type-0
A2A4EX36X0JB4R,"[""{\""action\"":\""submit\"",\""params\"":[{\""0\"":[0],\""1\"":[0,0],\""2\"":[0,0,0]},null]}"",""{\""action\"":\""submit\"",\""params\"":[{\""0\"":[0],\""1\"":[0,2],\""2\"":[2,2,0]},\""\""]}"",""{\""action\"":\""submit\"",\""params\"":[{\""0\"":[0],\""1\"":[2,2],\""2\"":[2,0,0]},\""\""]}"",""{\""action\"":\""submit\"",\""params\"":[{\""0\"":[0],\""1\"":[0,0],\""2\"":[2,2,0]},\""\""]}"",""{\""action\"":\""submit\"",\""params\"":[{\""0\"":[0],\""1\"":[2,2],\""2\"":[2,0,0]},\""\""]}"",""{\""action\"":\""submit\"",\""params\"":[{\""0\"":[0],\""1\"":[2,2],\""2\"":[2,0,0]},\""\""]}""]","{""0"":{""0"":""disagree"",""1"":""disagree"",""2"":""strongly agree"",""3"":""agree"",""4"":""disagree"",""5"":""strongly agree"",""6"":""agree"",""7"":""disagree"",""8"":""strongly agree"",""9"":""strongly agree"",""10"":""agree"",""11"":""disagree"",""12"":""neutral"",""13"":""neutral"",""14"":""disagree"",""15"":""agree"",""16"":""disagree"",""17"":""disagree"",""18"":""strongly agree"",""19"":""disagree""},""1"":{""0"":""9"",""1"":""5"",""2"":""5"",""3"":""9"",""4"":""9"",""5"":""1""}}","[""high"",""med"",""low""]",9VBik9eSUA,type-0
A19TL7AJ0FB1JG,*,"{""0"":{""0"":""agree"",""1"":""disagree"",""2"":""strongly agree"",""3"":""disagree"",""4"":""neutral"",""5"":""strongly agree"",""6"":""strongly agree"",""7"":""disagree"",""8"":""strongly agree"",""9"":""strongly agree"",""10"":""neutral"",""11"":""agree"",""12"":""disagree"",""13"":""agree"",""14"":""strongly disagree"",""15"":""strongly agree"",""16"":""neutral"",""17"":""agree"",""18"":""strongly agree"",""19"":""strongly disagree""},""1"":{""0"":""9"",""1"":""5"",""2"":""5"",""3"":""9"",""4"":""9"",""5"":""1""}}",*,*,type-0
AY5O199V9M9O7,"[""{\""action\"":\""submit\"",\""params\"":[{\""0\"":[0],\""1\"":[0,2],\""2\"":[2,2,0]},null]}"",""{\""action\"":\""submit\"",\""params\"":[{\""0\"":[2],\""1\"":[2,2],\""2\"":[2,2,2]},\""\""]}"",""{\""action\"":\""submit\"",\""params\"":[{\""0\"":[2],\""1\"":[0,0],\""2\"":[2,0,2]},\""\""]}"",""{\""action\"":\""submit\"",\""params\"":[{\""0\"":[2],\""1\"":[0,2],\""2\"":[2,0,0]},\""\""]}"",""{\""action\"":\""submit\"",\""params\"":[{\""0\"":[0],\""1\"":[2,0],\""2\"":[2,2,0]},\""\""]}"",""{\""action\"":\""submit\"",\""params\"":[{\""0\"":[2],\""1\"":[0,0],\""2\"":[2,0,2]},\""\""]}"",""{\""action\"":\""accept\"",\""params\"":[]}""]","{""0"":{""0"":""neutral"",""1"":""neutral"",""2"":""agree"",""3"":""agree"",""4"":""neutral"",""5"":""agree"",""6"":""neutral"",""7"":""disagree"",""8"":""agree"",""9"":""agree"",""10"":""neutral"",""11"":""disagree"",""12"":""disagree"",""13"":""neutral"",""14"":""neutral"",""15"":""neutral"",""16"":""neutral"",""17"":""neutral"",""18"":""strongly agree"",""19"":""strongly disagree""},""1"":{""0"":""9"",""1"":""1"",""2"":""9"",""3"":""9"",""4"":""9"",""5"":""1""}}","[""high"",""med"",""low""]",9My7eXNqtX,type-0
A3037FNBVPPAY9,"[""{\""action\"":\""submit\"",\""params\"":[{\""0\"":[0],\""1\"":[0,2],\""2\"":[2,2,0]},null]}"",""{\""action\"":\""submit\"",\""params\"":[{\""0\"":[2],\""1\"":[2,2],\""2\"":[0,2,0]},\""\""]}"",""{\""action\"":\""submit\"",\""params\"":[{\""0\"":[2],\""1\"":[2,2],\""2\"":[2,2,2]},\""\""]}"",""{\""action\"":\""submit\"",\""params\"":[{\""0\"":[2],\""1\"":[0,0],\""2\"":[2,2,0]},\""\""]}"",""{\""action\"":\""submit\"",\""params\"":[{\""0\"":[0],\""1\"":[2,0],\""2\"":[2,2,0]},\""\""]}"",""{\""action\"":\""submit\"",\""params\"":[{\""0\"":[2],\""1\"":[2,2],\""2\"":[2,2,2]},\""\""]}"",""{\""action\"":\""accept\"",\""params\"":[]}""]","{""0"":{""0"":""neutral"",""1"":""disagree"",""2"":""strongly disagree"",""3"":""agree"",""4"":""disagree"",""5"":""disagree"",""6"":""strongly disagree"",""7"":""strongly disagree"",""8"":""agree"",""9"":""neutral"",""10"":""strongly disagree"",""11"":""strongly disagree"",""12"":""strongly disagree"",""13"":""strongly disagree"",""14"":""agree"",""15"":""neutral"",""16"":""disagree"",""17"":""disagree"",""18"":""strongly agree"",""19"":""agree""},""1"":{""0"":""1"",""1"":""1"",""2"":""9"",""3"":""9"",""4"":""9"",""5"":""1""}}","[""high"",""med"",""low""]",V6Aw753iEj,type-0
AITOOWS61SPF6,"[""{\""action\"":\""submit\"",\""params\"":[{\""0\"":[0],\""1\"":[0,0],\""2\"":[0,0,0]},null]}""]","{""0"":{""0"":""strongly agree"",""1"":""disagree"",""2"":""strongly agree"",""3"":""agree"",""4"":""strongly disagree"",""5"":""agree"",""6"":""agree"",""7"":""neutral"",""8"":""disagree"",""9"":""neutral"",""10"":""disagree"",""11"":""neutral"",""12"":""neutral"",""13"":""disagree"",""14"":""neutral"",""15"":""disagree"",""16"":""disagree"",""17"":""neutral"",""18"":""neutral"",""19"":""disagree""},""1"":{""0"":""4"",""1"":""6"",""2"":""3"",""3"":""5"",""4"":""6"",""5"":""7""}}","[""high"",""med"",""low""]",7OM891SeJn,type-0
A1RC2PD0YJFCU8,"[""{\""action\"":\""submit\"",\""params\"":[{\""0\"":[0],\""1\"":[2,2],\""2\"":[2,0,0]},null]}"",""{\""action\"":\""submit\"",\""params\"":[{\""0\"":[2],\""1\"":[0,2],\""2\"":[2,0,0]},\""\""]}"",""{\""action\"":\""submit\"",\""params\"":[{\""0\"":[0],\""1\"":[0,0],\""2\"":[2,2,0]},\""\""]}"",""{\""action\"":\""submit\"",\""params\"":[{\""0\"":[2],\""1\"":[0,0],\""2\"":[2,2,0]},\""\""]}"",""{\""action\"":\""submit\"",\""params\"":[{\""0\"":[2],\""1\"":[0,0],\""2\"":[2,2,0]},\""\""]}"",""{\""action\"":\""submit\"",\""params\"":[{\""0\"":[0],\""1\"":[0,0],\""2\"":[2,2,0]},\""\""]}""]","{""0"":{""0"":""disagree"",""1"":""strongly disagree"",""2"":""neutral"",""3"":""agree"",""4"":""disagree"",""5"":""disagree"",""6"":""disagree"",""7"":""strongly disagree"",""8"":""agree"",""9"":""agree"",""10"":""disagree"",""11"":""neutral"",""12"":""disagree"",""13"":""neutral"",""14"":""strongly disagree"",""15"":""disagree"",""16"":""disagree"",""17"":""disagree"",""18"":""agree"",""19"":""disagree""},""1"":{""0"":""9"",""1"":""5"",""2"":""5"",""3"":""9"",""4"":""9"",""5"":""1""}}","[""high"",""med"",""low""]",vfH4G4YvJA,type-0
A1VE6XGZ47GGS,"[""{\""action\"":\""submit\"",\""params\"":[{\""0\"":[0],\""1\"":[0,0],\""2\"":[0,0,0]},null]}""]","{""0"":{""0"":""disagree"",""1"":""neutral"",""2"":""agree"",""3"":""agree"",""4"":""neutral"",""5"":""neutral"",""6"":""neutral"",""7"":""disagree"",""8"":""neutral"",""9"":""disagree"",""10"":""neutral"",""11"":""neutral"",""12"":""neutral"",""13"":""neutral"",""14"":""agree"",""15"":""agree"",""16"":""agree"",""17"":""agree"",""18"":""disagree"",""19"":""disagree""},""1"":{""0"":""4"",""1"":""5"",""2"":""8"",""3"":""4"",""4"":""5"",""5"":""5""}}","[""high"",""med"",""low""]",taePDuTYO8,type-0
A10ZXERA24IG75,"[""{\""action\"":\""submit\"",\""params\"":[{\""0\"":[0],\""1\"":[0,0],\""2\"":[0,0,0]},null]}""]","{""0"":{""0"":""strongly disagree"",""1"":""disagree"",""2"":""disagree"",""3"":""neutral"",""4"":""disagree"",""5"":""disagree"",""6"":""neutral"",""7"":""agree"",""8"":""neutral"",""9"":""neutral"",""10"":""agree"",""11"":""neutral"",""12"":""agree"",""13"":""disagree"",""14"":""agree"",""15"":""agree"",""16"":""agree"",""17"":""agree"",""18"":""agree"",""19"":""strongly agree""},""1"":{""0"":""1"",""1"":""1"",""2"":""9"",""3"":""9"",""4"":""9"",""5"":""1""}}","[""high"",""med"",""low""]",UEVOAVfXKs,type-0
A2WC2NO555XU3J,"[""{\""action\"":\""submit\"",\""params\"":[{\""0\"":[0],\""1\"":[0,0],\""2\"":[2,2,2]},null]}"",""{\""action\"":\""submit\"",\""params\"":[{\""0\"":[0],\""1\"":[0,0],\""2\"":[2,2,0]},\""\""]}"",""{\""action\"":\""submit\"",\""params\"":[{\""0\"":[0],\""1\"":[0,0],\""2\"":[2,2,0]},\""\""]}"",""{\""action\"":\""submit\"",\""params\"":[{\""0\"":[2],\""1\"":[0,0],\""2\"":[2,2,0]},\""\""]}"",""{\""action\"":\""submit\"",\""params\"":[{\""0\"":[0],\""1\"":[2,0],\""2\"":[2,2,0]},\""\""]}"",""{\""action\"":\""submit\"",\""params\"":[{\""0\"":[2],\""1\"":[0,0],\""2\"":[2,2,0]},\""\""]}"",""{\""action\"":\""accept\"",\""params\"":[]}""]","{""0"":{""0"":""strongly disagree"",""1"":""neutral"",""2"":""agree"",""3"":""strongly agree"",""4"":""strongly disagree"",""5"":""agree"",""6"":""disagree"",""7"":""strongly disagree"",""8"":""strongly agree"",""9"":""agree"",""10"":""neutral"",""11"":""disagree"",""12"":""strongly disagree"",""13"":""neutral"",""14"":""agree"",""15"":""strongly agree"",""16"":""neutral"",""17"":""neutral"",""18"":""strongly agree"",""19"":""strongly disagree""},""1"":{""0"":""9"",""1"":""2"",""2"":""7"",""3"":""9"",""4"":""9"",""5"":""1""}}","[""high"",""med"",""low""]",I23UgbZBre,type-0
A1BHHRSKO2MBT3,"[""{\""action\"":\""submit\"",\""params\"":[{\""0\"":[0],\""1\"":[0,0],\""2\"":[0,2,0]},null]}"",""{\""action\"":\""accept\"",\""params\"":[]}""]","{""0"":{""0"":""strongly disagree"",""1"":""neutral"",""2"":""neutral"",""3"":""disagree"",""4"":""neutral"",""5"":""disagree"",""6"":""disagree"",""7"":""neutral"",""8"":""disagree"",""9"":""disagree"",""10"":""neutral"",""11"":""disagree"",""12"":""neutral"",""13"":""disagree"",""14"":""agree"",""15"":""disagree"",""16"":""neutral"",""17"":""neutral"",""18"":""neutral"",""19"":""disagree""},""1"":{""0"":""1"",""1"":""1"",""2"":""2"",""3"":""1"",""4"":""1"",""5"":""1""}}","[""high"",""med"",""low""]",HLgnGLl23C,type-0
AMYURTQIMAC8T,"[""{\""action\"":\""submit\"",\""params\"":[{\""0\"":[2],\""1\"":[2,0],\""2\"":[0,2,0]},null]}"",""{\""action\"":\""submit\"",\""params\"":[{\""0\"":[2],\""1\"":[0,2],\""2\"":[0,2,0]},\""\""]}"",""{\""action\"":\""submit\"",\""params\"":[{\""0\"":[2],\""1\"":[2,2],\""2\"":[2,2,0]},\""\""]}"",""{\""action\"":\""submit\"",\""params\"":[{\""0\"":[2],\""1\"":[0,0],\""2\"":[2,2,0]},\""\""]}"",""{\""action\"":\""submit\"",\""params\"":[{\""0\"":[0],\""1\"":[2,0],\""2\"":[2,2,2]},\""\""]}"",""{\""action\"":\""submit\"",\""params\"":[{\""0\"":[2],\""1\"":[2,2],\""2\"":[2,0,0]},\""\""]}""]","{""0"":{""0"":""agree"",""1"":""agree"",""2"":""agree"",""3"":""neutral"",""4"":""agree"",""5"":""agree"",""6"":""agree"",""7"":""neutral"",""8"":""agree"",""9"":""neutral"",""10"":""neutral"",""11"":""agree"",""12"":""agree"",""13"":""agree"",""14"":""agree"",""15"":""agree"",""16"":""neutral"",""17"":""neutral"",""18"":""agree"",""19"":""agree""},""1"":{""0"":""7"",""1"":""2"",""2"":""8"",""3"":""9"",""4"":""9"",""5"":""9""}}","[""high"",""med"",""low""]",K3mkgAkaQm,type-0
A2CF2BD4Q0ZDJN,"[""{\""action\"":\""submit\"",\""params\"":[{\""0\"":[0],\""1\"":[0,0],\""2\"":[2,2,0]},null]}"",""{\""action\"":\""submit\"",\""params\"":[{\""0\"":[0],\""1\"":[0,0],\""2\"":[2,0,2]},\""\""]}"",""{\""action\"":\""submit\"",\""params\"":[{\""0\"":[2],\""1\"":[2,2],\""2\"":[0,0,2]},\""\""]}"",""{\""action\"":\""submit\"",\""params\"":[{\""0\"":[2],\""1\"":[2,0],\""2\"":[2,0,0]},\""\""]}"",""{\""action\"":\""submit\"",\""params\"":[{\""0\"":[0],\""1\"":[2,2],\""2\"":[2,0,0]},\""\""]}"",""{\""action\"":\""submit\"",\""params\"":[{\""0\"":[2],\""1\"":[2,2],\""2\"":[2,0,0]},\""\""]}""]","{""0"":{""0"":""disagree"",""1"":""disagree"",""2"":""neutral"",""3"":""neutral"",""4"":""disagree"",""5"":""neutral"",""6"":""disagree"",""7"":""disagree"",""8"":""neutral"",""9"":""agree"",""10"":""neutral"",""11"":""disagree"",""12"":""disagree"",""13"":""disagree"",""14"":""neutral"",""15"":""disagree"",""16"":""disagree"",""17"":""disagree"",""18"":""agree"",""19"":""disagree""},""1"":{""0"":""9"",""1"":""5"",""2"":""5"",""3"":""9"",""4"":""9"",""5"":""1""}}","[""high"",""med"",""low""]",uoOOxsH0nZ,type-0
A24WQ0ZEGXHX6J,"[""{\""action\"":\""submit\"",\""params\"":[{\""0\"":[0],\""1\"":[2,0],\""2\"":[2,2,0]},null]}"",""{\""action\"":\""submit\"",\""params\"":[{\""0\"":[0],\""1\"":[2,2],\""2\"":[2,0,0]},\""\""]}"",""{\""action\"":\""submit\"",\""params\"":[{\""0\"":[0],\""1\"":[0,2],\""2\"":[2,2,0]},\""\""]}"",""{\""action\"":\""submit\"",\""params\"":[{\""0\"":[0],\""1\"":[2,0],\""2\"":[2,0,0]},\""\""]}""]","{""0"":{""0"":""neutral"",""1"":""agree"",""2"":""neutral"",""3"":""agree"",""4"":""disagree"",""5"":""neutral"",""6"":""disagree"",""7"":""disagree"",""8"":""agree"",""9"":""neutral"",""10"":""strongly disagree"",""11"":""neutral"",""12"":""agree"",""13"":""disagree"",""14"":""neutral"",""15"":""neutral"",""16"":""disagree"",""17"":""disagree"",""18"":""agree"",""19"":""strongly disagree""},""1"":{""0"":""9"",""1"":""5"",""2"":""6"",""3"":""9"",""4"":""9"",""5"":""1""}}","[""high"",""med"",""low""]",Xh58YpUR60,type-0
AMDX0UNZS4A1G,"[""{\""action\"":\""submit\"",\""params\"":[{\""0\"":[2],\""1\"":[0,0],\""2\"":[0,0,0]},null]}"",""{\""action\"":\""submit\"",\""params\"":[{\""0\"":[2],\""1\"":[0,0],\""2\"":[2,0,0]},\""\""]}"",""{\""action\"":\""submit\"",\""params\"":[{\""0\"":[2],\""1\"":[2,2],\""2\"":[0,0,2]},\""\""]}"",""{\""action\"":\""submit\"",\""params\"":[{\""0\"":[2],\""1\"":[0,2],\""2\"":[2,0,0]},\""\""]}"",""{\""action\"":\""submit\"",\""params\"":[{\""0\"":[0],\""1\"":[2,2],\""2\"":[2,0,0]},\""\""]}"",""{\""action\"":\""accept\"",\""params\"":[]}""]","{""0"":{""0"":""disagree"",""1"":""strongly disagree"",""2"":""neutral"",""3"":""agree"",""4"":""strongly disagree"",""5"":""disagree"",""6"":""strongly disagree"",""7"":""disagree"",""8"":""agree"",""9"":""agree"",""10"":""neutral"",""11"":""disagree"",""12"":""strongly disagree"",""13"":""neutral"",""14"":""agree"",""15"":""disagree"",""16"":""strongly agree"",""17"":""agree"",""18"":""strongly agree"",""19"":""strongly disagree""},""1"":{""0"":""9"",""1"":""5"",""2"":""5"",""3"":""9"",""4"":""9"",""5"":""1""}}","[""high"",""med"",""low""]",H2sB6joN2q,type-0
A2HHK2B1GUH9GX,"[""{\""action\"":\""submit\"",\""params\"":[{\""0\"":[2],\""1\"":[0,2],\""2\"":[0,2,0]},null]}"",""{\""action\"":\""accept\"",\""params\"":[]}""]","{""0"":{""0"":""disagree"",""1"":""neutral"",""2"":""neutral"",""3"":""neutral"",""4"":""agree"",""5"":""neutral"",""6"":""neutral"",""7"":""agree"",""8"":""agree"",""9"":""neutral"",""10"":""disagree"",""11"":""agree"",""12"":""disagree"",""13"":""disagree"",""14"":""neutral"",""15"":""neutral"",""16"":""disagree"",""17"":""neutral"",""18"":""agree"",""19"":""strongly disagree""},""1"":{""0"":""9"",""1"":""5"",""2"":""5"",""3"":""9"",""4"":""9"",""5"":""1""}}","[""high"",""med"",""low""]",5pqo2wJJXu,type-0
AWPE584LM19EK,*,"{""0"":{""0"":""neutral"",""1"":""agree"",""2"":""neutral"",""3"":""disagree"",""4"":""agree"",""5"":""neutral"",""6"":""neutral"",""7"":""agree"",""8"":""neutral"",""9"":""agree"",""10"":""disagree"",""11"":""disagree"",""12"":""disagree"",""13"":""neutral"",""14"":""agree"",""15"":""neutral"",""16"":""disagree"",""17"":""agree"",""18"":""agree"",""19"":""disagree""},""1"":{""0"":""9"",""1"":""5"",""2"":""5"",""3"":""9"",""4"":""9"",""5"":""1""}}","[""high"",""med"",""low""]",*,type-0
A17KJJEFSH5S25,"[""{\""action\"":\""submit\"",\""params\"":[{\""0\"":[0],\""1\"":[2,2],\""2\"":[0,0,0]},null]}"",""{\""action\"":\""submit\"",\""params\"":[{\""0\"":[0],\""1\"":[0,2],\""2\"":[2,2,0]},\""\""]}"",""{\""action\"":\""submit\"",\""params\"":[{\""0\"":[0],\""1\"":[2,0],\""2\"":[2,2,0]},\""\""]}"",""{\""action\"":\""submit\"",\""params\"":[{\""0\"":[0],\""1\"":[0,2],\""2\"":[2,2,0]},\""\""]}"",""{\""action\"":\""submit\"",\""params\"":[{\""0\"":[0],\""1\"":[2,0],\""2\"":[2,2,0]},\""\""]}"",""{\""action\"":\""submit\"",\""params\"":[{\""0\"":[0],\""1\"":[2,0],\""2\"":[2,2,0]},\""\""]}"",""{\""action\"":\""accept\"",\""params\"":[]}""]","{""0"":{""0"":""strongly agree"",""1"":""strongly agree"",""2"":""strongly agree"",""3"":""agree"",""4"":""agree"",""5"":""strongly agree"",""6"":""agree"",""7"":""disagree"",""8"":""strongly agree"",""9"":""strongly agree"",""10"":""strongly disagree"",""11"":""agree"",""12"":""neutral"",""13"":""agree"",""14"":""disagree"",""15"":""strongly agree"",""16"":""disagree"",""17"":""strongly agree"",""18"":""strongly agree"",""19"":""strongly disagree""},""1"":{""0"":""1"",""1"":""1"",""2"":""9"",""3"":""9"",""4"":""9"",""5"":""1""}}","[""high"",""med"",""low""]",UmJ2BA6Kh9,type-0
A1GN9TMCN82WPL,*,"{""0"":{""0"":""disagree"",""1"":""neutral"",""2"":""disagree"",""3"":""strongly disagree"",""4"":""neutral"",""5"":""agree"",""6"":""neutral"",""7"":""strongly disagree"",""8"":""disagree"",""9"":""strongly agree"",""10"":""disagree"",""11"":""neutral"",""12"":""neutral"",""13"":""agree"",""14"":""strongly agree"",""15"":""strongly agree"",""16"":""agree"",""17"":""neutral"",""18"":""agree"",""19"":""disagree""},""1"":{""0"":""8"",""1"":""4"",""2"":""5"",""3"":""9"",""4"":""9"",""5"":""2""}}","[""high"",""med"",""low""]",*,type-0
A3GW3MPLVGG7PZ,"[""{\""action\"":\""submit\"",\""params\"":[{\""0\"":[0],\""1\"":[0,0],\""2\"":[2,2,2]},null]}"",""{\""action\"":\""submit\"",\""params\"":[{\""0\"":[0],\""1\"":[0,0],\""2\"":[2,2,2]},\""\""]}"",""{\""action\"":\""submit\"",\""params\"":[{\""0\"":[0],\""1\"":[0,0],\""2\"":[2,2,2]},\""\""]}"",""{\""action\"":\""submit\"",\""params\"":[{\""0\"":[2],\""1\"":[0,0],\""2\"":[2,2,0]},\""\""]}"",""{\""action\"":\""submit\"",\""params\"":[{\""0\"":[0],\""1\"":[2,0],\""2\"":[2,2,0]},\""\""]}"",""{\""action\"":\""submit\"",\""params\"":[{\""0\"":[0],\""1\"":[2,2],\""2\"":[2,0,2]},\""\""]}"",""{\""action\"":\""submit\"",\""params\"":[{\""0\"":[0],\""1\"":[0,0],\""2\"":[2,2,2]},\""\""]}"",""{\""action\"":\""submit\"",\""params\"":[{\""0\"":[0],\""1\"":[0,2],\""2\"":[2,2,0]},\""\""]}"",""{\""action\"":\""submit\"",\""params\"":[{\""0\"":[0],\""1\"":[0,2],\""2\"":[2,2,0]},\""\""]}"",""{\""action\"":\""submit\"",\""params\"":[{\""0\"":[2],\""1\"":[0,0],\""2\"":[2,2,0]},\""\""]}""]","{""0"":{""0"":""strongly disagree"",""1"":""strongly disagree"",""2"":""agree"",""3"":""agree"",""4"":""strongly disagree"",""5"":""neutral"",""6"":""neutral"",""7"":""disagree"",""8"":""agree"",""9"":""agree"",""10"":""disagree"",""11"":""strongly disagree"",""12"":""disagree"",""13"":""agree"",""14"":""agree"",""15"":""disagree"",""16"":""disagree"",""17"":""disagree"",""18"":""agree"",""19"":""disagree""},""1"":{""0"":""9"",""1"":""1"",""2"":""3"",""3"":""9"",""4"":""8"",""5"":""1""}}","[""high"",""med"",""low""]",zsXxAmIb7E,type-0
A38TP82OPANN2K,"[""{\""action\"":\""submit\"",\""params\"":[{\""0\"":[0],\""1\"":[0,0],\""2\"":[0,0,0]},null]}""]","{""0"":{""0"":""agree"",""1"":""agree"",""2"":""strongly agree"",""3"":""agree"",""4"":""neutral"",""5"":""agree"",""6"":""agree"",""7"":""disagree"",""8"":""strongly agree"",""9"":""agree"",""10"":""neutral"",""11"":""neutral"",""12"":""disagree"",""13"":""neutral"",""14"":""agree"",""15"":""neutral"",""16"":""disagree"",""17"":""disagree"",""18"":""disagree"",""19"":""strongly disagree""},""1"":{""0"":""9"",""1"":""5"",""2"":""4"",""3"":""9"",""4"":""9"",""5"":""1""}}","[""high"",""med"",""low""]",w8dSTG8eI8,type-0
AVWZJ14OPTJD5,"[""{\""action\"":\""submit\"",\""params\"":[{\""0\"":[0],\""1\"":[0,0],\""2\"":[2,2,0]},null]}"",""{\""action\"":\""submit\"",\""params\"":[{\""0\"":[0],\""1\"":[0,2],\""2\"":[2,2,0]},\""\""]}"",""{\""action\"":\""submit\"",\""params\"":[{\""0\"":[2],\""1\"":[0,0],\""2\"":[2,2,0]},\""\""]}"",""{\""action\"":\""submit\"",\""params\"":[{\""0\"":[2],\""1\"":[0,0],\""2\"":[2,2,0]},\""\""]}"",""{\""action\"":\""submit\"",\""params\"":[{\""0\"":[2],\""1\"":[2,0],\""2\"":[2,2,0]},\""\""]}"",""{\""action\"":\""submit\"",\""params\"":[{\""0\"":[2],\""1\"":[0,0],\""2\"":[2,2,0]},\""\""]}"",""{\""action\"":\""accept\"",\""params\"":[]}""]","{""0"":{""0"":""disagree"",""1"":""disagree"",""2"":""neutral"",""3"":""agree"",""4"":""strongly disagree"",""5"":""neutral"",""6"":""neutral"",""7"":""disagree"",""8"":""strongly agree"",""9"":""strongly agree"",""10"":""neutral"",""11"":""neutral"",""12"":""disagree"",""13"":""agree"",""14"":""neutral"",""15"":""neutral"",""16"":""disagree"",""17"":""disagree"",""18"":""strongly agree"",""19"":""agree""},""1"":{""0"":""9"",""1"":""5"",""2"":""5"",""3"":""9"",""4"":""9"",""5"":""1""}}","[""high"",""med"",""low""]",lVjjJTCjgP,type-0
A3O7X46E3REM7I,"[""{\""action\"":\""submit\"",\""params\"":[{\""0\"":[0],\""1\"":[0,0],\""2\"":[2,2,2]},null]}"",""{\""action\"":\""submit\"",\""params\"":[{\""0\"":[0],\""1\"":[0,0],\""2\"":[2,2,2]},\""\""]}"",""{\""action\"":\""submit\"",\""params\"":[{\""0\"":[0],\""1\"":[0,0],\""2\"":[2,2,0]},\""\""]}"",""{\""action\"":\""submit\"",\""params\"":[{\""0\"":[0],\""1\"":[0,0],\""2\"":[2,2,2]},\""\""]}"",""{\""action\"":\""submit\"",\""params\"":[{\""0\"":[0],\""1\"":[0,0],\""2\"":[2,0,2]},\""\""]}"",""{\""action\"":\""submit\"",\""params\"":[{\""0\"":[0],\""1\"":[0,0],\""2\"":[2,0,2]},\""\""]}""]","{""0"":{""0"":""disagree"",""1"":""strongly disagree"",""2"":""neutral"",""3"":""strongly agree"",""4"":""strongly disagree"",""5"":""strongly agree"",""6"":""strongly agree"",""7"":""strongly disagree"",""8"":""strongly agree"",""9"":""strongly agree"",""10"":""strongly agree"",""11"":""strongly disagree"",""12"":""strongly disagree"",""13"":""disagree"",""14"":""strongly disagree"",""15"":""strongly agree"",""16"":""strongly agree"",""17"":""strongly disagree"",""18"":""neutral"",""19"":""strongly disagree""},""1"":{""0"":""9"",""1"":""5"",""2"":""1"",""3"":""9"",""4"":""9"",""5"":""1""}}","[""high"",""med"",""low""]",S61Wn4AY7p,type-0
A2IU5TX5S0FA1C,"[""{\""action\"":\""submit\"",\""params\"":[{\""0\"":[0],\""1\"":[0,0],\""2\"":[0,0,0]},null]}"",""{\""action\"":\""submit\"",\""params\"":[{\""0\"":[0],\""1\"":[0,0],\""2\"":[2,2,2]},\""\""]}"",""{\""action\"":\""submit\"",\""params\"":[{\""0\"":[0],\""1\"":[0,0],\""2\"":[2,2,0]},\""\""]}"",""{\""action\"":\""submit\"",\""params\"":[{\""0\"":[2],\""1\"":[0,0],\""2\"":[2,0,2]},\""\""]}"",""{\""action\"":\""submit\"",\""params\"":[{\""0\"":[0],\""1\"":[0,0],\""2\"":[2,2,0]},\""\""]}"",""{\""action\"":\""submit\"",\""params\"":[{\""0\"":[2],\""1\"":[2,2],\""2\"":[2,0,0]},\""\""]}""]","{""0"":{""0"":""disagree"",""1"":""strongly disagree"",""2"":""agree"",""3"":""agree"",""4"":""disagree"",""5"":""neutral"",""6"":""disagree"",""7"":""disagree"",""8"":""strongly agree"",""9"":""agree"",""10"":""neutral"",""11"":""disagree"",""12"":""disagree"",""13"":""agree"",""14"":""disagree"",""15"":""agree"",""16"":""neutral"",""17"":""disagree"",""18"":""strongly agree"",""19"":""agree""},""1"":{""0"":""9"",""1"":""5"",""2"":""5"",""3"":""9"",""4"":""9"",""5"":""1""}}","[""high"",""med"",""low""]",BtkyjRGhoc,type-0
A24N8DG81Y8ZCV,"[""{\""action\"":\""submit\"",\""params\"":[{\""0\"":[0],\""1\"":[0,0],\""2\"":[0,0,0]},null]}"",""{\""action\"":\""submit\"",\""params\"":[{\""0\"":[0],\""1\"":[0,2],\""2\"":[2,2,2]},\""\""]}"",""{\""action\"":\""submit\"",\""params\"":[{\""0\"":[0],\""1\"":[2,2],\""2\"":[2,2,2]},\""\""]}"",""{\""action\"":\""submit\"",\""params\"":[{\""0\"":[0],\""1\"":[0,0],\""2\"":[2,2,2]},\""\""]}"",""{\""action\"":\""submit\"",\""params\"":[{\""0\"":[0],\""1\"":[2,0],\""2\"":[2,2,2]},\""\""]}"",""{\""action\"":\""submit\"",\""params\"":[{\""0\"":[0],\""1\"":[2,0],\""2\"":[2,2,2]},\""\""]}"",""{\""action\"":\""submit\"",\""params\"":[{\""0\"":[0],\""1\"":[0,0],\""2\"":[2,2,2]},\""\""]}"",""{\""action\"":\""submit\"",\""params\"":[{\""0\"":[2],\""1\"":[2,2],\""2\"":[2,2,2]},\""\""]}"",""{\""action\"":\""submit\"",\""params\"":[{\""0\"":[0],\""1\"":[0,0],\""2\"":[2,2,2]},\""\""]}"",""{\""action\"":\""submit\"",\""params\"":[{\""0\"":[2],\""1\"":[2,2],\""2\"":[2,2,2]},\""\""]}""]","{""0"":{""0"":""agree"",""1"":""disagree"",""2"":""agree"",""3"":""agree"",""4"":""disagree"",""5"":""disagree"",""6"":""strongly disagree"",""7"":""disagree"",""8"":""strongly agree"",""9"":""agree"",""10"":""strongly disagree"",""11"":""disagree"",""12"":""strongly disagree"",""13"":""disagree"",""14"":""agree"",""15"":""agree"",""16"":""disagree"",""17"":""agree"",""18"":""strongly agree"",""19"":""strongly disagree""},""1"":{""0"":""9"",""1"":""5"",""2"":""5"",""3"":""9"",""4"":""9"",""5"":""1""}}","[""high"",""med"",""low""]",2jMPx4UdFe,type-0
A1CSDIX05PK9V,"[""{\""action\"":\""submit\"",\""params\"":[{\""0\"":[0],\""1\"":[0,0],\""2\"":[0,0,0]},null]}""]","{""0"":{""0"":""neutral"",""1"":""neutral"",""2"":""disagree"",""3"":""agree"",""4"":""disagree"",""5"":""disagree"",""6"":""disagree"",""7"":""neutral"",""8"":""agree"",""9"":""neutral"",""10"":""neutral"",""11"":""disagree"",""12"":""disagree"",""13"":""neutral"",""14"":""neutral"",""15"":""agree"",""16"":""disagree"",""17"":""neutral"",""18"":""strongly agree"",""19"":""strongly disagree""},""1"":{""0"":""1"",""1"":""1"",""2"":""9"",""3"":""9"",""4"":""9"",""5"":""1""}}","[""high"",""med"",""low""]",BnRnQyjkFh,type-0
 AJ86CAZX0QCE9,"[""{\""action\"":\""submit\"",\""params\"":[{\""0\"":[0],\""1\"":[0,0],\""2\"":[2,2,2]},null]}"",""{\""action\"":\""accept\"",\""params\"":[]}""]","{""0"":{""0"":""strongly disagree"",""1"":""neutral"",""2"":""strongly disagree"",""3"":""neutral"",""4"":""disagree"",""5"":""strongly agree"",""6"":""strongly agree"",""7"":""neutral"",""8"":""strongly agree"",""9"":""strongly agree"",""10"":""disagree"",""11"":""disagree"",""12"":""strongly disagree"",""13"":""neutral"",""14"":""neutral"",""15"":""strongly agree"",""16"":""disagree"",""17"":""disagree"",""18"":""strongly disagree"",""19"":""strongly disagree""},""1"":{""0"":""9"",""1"":""5"",""2"":""5"",""3"":""9"",""4"":""9"",""5"":""1""}}","[""high"",""med"",""low""]",2I2cIJBSap,type-0
A1X7ULCVLKDPRH,"[""{\""action\"":\""submit\"",\""params\"":[{\""0\"":[0],\""1\"":[0,0],\""2\"":[2,2,2]},null]}"",""{\""action\"":\""submit\"",\""params\"":[{\""0\"":[2],\""1\"":[0,2],\""2\"":[2,2,2]},\""\""]}"",""{\""action\"":\""submit\"",\""params\"":[{\""0\"":[2],\""1\"":[0,0],\""2\"":[2,2,0]},\""\""]}"",""{\""action\"":\""submit\"",\""params\"":[{\""0\"":[2],\""1\"":[2,2],\""2\"":[2,0,0]},\""\""]}"",""{\""action\"":\""submit\"",\""params\"":[{\""0\"":[0],\""1\"":[2,0],\""2\"":[2,2,0]},\""\""]}"",""{\""action\"":\""submit\"",\""params\"":[{\""0\"":[2],\""1\"":[2,2],\""2\"":[2,0,0]},\""\""]}""]","{""0"":{""0"":""disagree"",""1"":""agree"",""2"":""neutral"",""3"":""disagree"",""4"":""agree"",""5"":""neutral"",""6"":""disagree"",""7"":""disagree"",""8"":""agree"",""9"":""agree"",""10"":""disagree"",""11"":""agree"",""12"":""agree"",""13"":""agree"",""14"":""agree"",""15"":""strongly disagree"",""16"":""agree"",""17"":""neutral"",""18"":""neutral"",""19"":""disagree""},""1"":{""0"":""9"",""1"":""1"",""2"":""5"",""3"":""9"",""4"":""9"",""5"":""1""}}","[""high"",""med"",""low""]",ysmeijtf4u,type-0
A2BZY06YRWGEDL,"[""{\""action\"":\""submit\"",\""params\"":[{\""0\"":[0],\""1\"":[0,0],\""2\"":[0,0,0]},null]}"",""{\""action\"":\""submit\"",\""params\"":[{\""0\"":[0],\""1\"":[0,0],\""2\"":[2,0,0]},\""\""]}"",""{\""action\"":\""submit\"",\""params\"":[{\""0\"":[0],\""1\"":[0,2],\""2\"":[2,2,0]},\""\""]}"",""{\""action\"":\""accept\"",\""params\"":[]}""]","{""0"":{""0"":""strongly agree"",""1"":""strongly agree"",""2"":""strongly agree"",""3"":""strongly agree"",""4"":""agree"",""5"":""disagree"",""6"":""disagree"",""7"":""disagree"",""8"":""strongly agree"",""9"":""neutral"",""10"":""disagree"",""11"":""agree"",""12"":""strongly agree"",""13"":""strongly disagree"",""14"":""strongly agree"",""15"":""strongly agree"",""16"":""strongly disagree"",""17"":""neutral"",""18"":""strongly agree"",""19"":""strongly agree""},""1"":{""0"":""9"",""1"":""5"",""2"":""4"",""3"":""9"",""4"":""9"",""5"":""1""}}","[""high"",""med"",""low""]",WthNnUdx8k,type-0
AB774I47XHB4K,"[""{\""action\"":\""submit\"",\""params\"":[{\""0\"":[0],\""1\"":[0,0],\""2\"":[2,2,2]},null]}"",""{\""action\"":\""submit\"",\""params\"":[{\""0\"":[0],\""1\"":[0,2],\""2\"":[2,2,0]},\""\""]}"",""{\""action\"":\""submit\"",\""params\"":[{\""0\"":[0],\""1\"":[0,2],\""2\"":[2,2,0]},\""\""]}"",""{\""action\"":\""submit\"",\""params\"":[{\""0\"":[2],\""1\"":[0,0],\""2\"":[2,2,0]},\""\""]}"",""{\""action\"":\""submit\"",\""params\"":[{\""0\"":[0],\""1\"":[0,0],\""2\"":[2,2,2]},\""\""]}"",""{\""action\"":\""submit\"",\""params\"":[{\""0\"":[0],\""1\"":[2,0],\""2\"":[2,2,0]},\""\""]}"",""{\""action\"":\""accept\"",\""params\"":[]}""]","{""0"":{""0"":""strongly disagree"",""1"":""strongly disagree"",""2"":""strongly agree"",""3"":""disagree"",""4"":""neutral"",""5"":""strongly agree"",""6"":""strongly agree"",""7"":""strongly disagree"",""8"":""strongly agree"",""9"":""disagree"",""10"":""strongly disagree"",""11"":""strongly disagree"",""12"":""strongly disagree"",""13"":""strongly disagree"",""14"":""strongly disagree"",""15"":""strongly agree"",""16"":""strongly disagree"",""17"":""strongly disagree"",""18"":""strongly disagree"",""19"":""strongly agree""},""1"":{""0"":""1"",""1"":""1"",""2"":""9"",""3"":""9"",""4"":""9"",""5"":""1""}}","[""high"",""med"",""low""]",0YoAN774Iv,type-0
A1C0H8G0YI15MN,"[""{\""action\"":\""submit\"",\""params\"":[{\""0\"":[0],\""1\"":[0,0],\""2\"":[0,2,2]},null]}"",""{\""action\"":\""submit\"",\""params\"":[{\""0\"":[2],\""1\"":[0,0],\""2\"":[2,2,0]},\""\""]}"",""{\""action\"":\""submit\"",\""params\"":[{\""0\"":[2],\""1\"":[2,2],\""2\"":[2,0,0]},\""\""]}"",""{\""action\"":\""submit\"",\""params\"":[{\""0\"":[2],\""1\"":[0,0],\""2\"":[2,2,0]},\""\""]}"",""{\""action\"":\""submit\"",\""params\"":[{\""0\"":[0],\""1\"":[2,0],\""2\"":[2,2,0]},\""\""]}"",""{\""action\"":\""submit\"",\""params\"":[{\""0\"":[2],\""1\"":[2,2],\""2\"":[2,0,0]},\""\""]}""]","{""0"":{""0"":""disagree"",""1"":""disagree"",""2"":""agree"",""3"":""agree"",""4"":""strongly disagree"",""5"":""agree"",""6"":""agree"",""7"":""strongly disagree"",""8"":""agree"",""9"":""agree"",""10"":""disagree"",""11"":""disagree"",""12"":""disagree"",""13"":""disagree"",""14"":""disagree"",""15"":""disagree"",""16"":""disagree"",""17"":""disagree"",""18"":""agree"",""19"":""disagree""},""1"":{""0"":""9"",""1"":""5"",""2"":""5"",""3"":""9"",""4"":""1"",""5"":""1""}}","[""high"",""med"",""low""]",0yFLR1RAAZ,type-0
