"user_id (S)","game (S)","questionnaire (S)","quiz (S)","reward (S)","role (S)"
"A2S00V7RUU121E","[""{\""action\"":\""submit\"",\""params\"":[{\""0\"":[2],\""1\"":[0,2],\""2\"":[0,2,0]},null]}"",""{\""action\"":\""submit\"",\""params\"":[{\""0\"":[2],\""1\"":[0,2],\""2\"":[0,2,2]},\""\""]}"",""{\""action\"":\""submit\"",\""params\"":[{\""0\"":[2],\""1\"":[0,2],\""2\"":[2,2,0]},\""\""]}"",""{\""action\"":\""submit\"",\""params\"":[{\""0\"":[2],\""1\"":[0,0],\""2\"":[2,2,0]},\""\""]}"",""{\""action\"":\""submit\"",\""params\"":[{\""0\"":[2],\""1\"":[2,0],\""2\"":[2,0,0]},\""\""]}""]","{""0"":{""0"":""disagree"",""1"":""neutral"",""2"":""disagree"",""3"":""strongly disagree"",""4"":""disagree"",""5"":""strongly agree"",""6"":""disagree"",""7"":""neutral"",""8"":""disagree"",""9"":""strongly agree"",""10"":""disagree"",""11"":""strongly agree"",""12"":""disagree"",""13"":""disagree"",""14"":""disagree"",""15"":""strongly agree"",""16"":""neutral"",""17"":""strongly agree"",""18"":""strongly agree"",""19"":""disagree""},""1"":{""0"":""9"",""1"":""5"",""2"":""4"",""3"":""9"",""4"":""9"",""5"":""1""}}","[""high"",""med"",""low""]","YxurU0Aae2","type-0"
"A2HSCKH5NKN5LP","[""{\""action\"":\""submit\"",\""params\"":[{\""0\"":[0],\""1\"":[0,0],\""2\"":[0,0,0]},null]}"",""{\""action\"":\""submit\"",\""params\"":[{\""0\"":[2],\""1\"":[2,2],\""2\"":[0,2,0]},\""\""]}"",""{\""action\"":\""submit\"",\""params\"":[{\""0\"":[2],\""1\"":[0,2],\""2\"":[2,0,0]},\""\""]}"",""{\""action\"":\""submit\"",\""params\"":[{\""0\"":[2],\""1\"":[0,0],\""2\"":[2,2,0]},\""\""]}"",""{\""action\"":\""submit\"",\""params\"":[{\""0\"":[0],\""1\"":[0,0],\""2\"":[2,2,0]},\""\""]}"",""{\""action\"":\""submit\"",\""params\"":[{\""0\"":[2],\""1\"":[2,2],\""2\"":[2,0,0]},\""\""]}""]","{""0"":{""0"":""agree"",""1"":""agree"",""2"":""disagree"",""3"":""neutral"",""4"":""agree"",""5"":""strongly disagree"",""6"":""strongly disagree"",""7"":""strongly disagree"",""8"":""disagree"",""9"":""neutral"",""10"":""strongly disagree"",""11"":""neutral"",""12"":""disagree"",""13"":""neutral"",""14"":""strongly agree"",""15"":""disagree"",""16"":""strongly disagree"",""17"":""agree"",""18"":""strongly agree"",""19"":""strongly disagree""},""1"":{""0"":""1"",""1"":""1"",""2"":""9"",""3"":""9"",""4"":""9"",""5"":""1""}}","[""high"",""med"",""low""]","h3CKs1U0Pr","type-0"
"A126UU7IXRJC95","[""{\""action\"":\""submit\"",\""params\"":[{\""0\"":[2],\""1\"":[2,2],\""2\"":[2,0,0]},null]}"",""{\""action\"":\""submit\"",\""params\"":[{\""0\"":[2],\""1\"":[0,2],\""2\"":[2,0,0]},\""\""]}"",""{\""action\"":\""accept\"",\""params\"":[]}""]","{""0"":{""0"":""disagree"",""1"":""agree"",""2"":""strongly agree"",""3"":""agree"",""4"":""agree"",""5"":""disagree"",""6"":""disagree"",""7"":""disagree"",""8"":""strongly agree"",""9"":""agree"",""10"":""disagree"",""11"":""agree"",""12"":""disagree"",""13"":""disagree"",""14"":""agree"",""15"":""strongly agree"",""16"":""disagree"",""17"":""agree"",""18"":""neutral"",""19"":""disagree""},""1"":{""0"":""9"",""1"":""5"",""2"":""5"",""3"":""9"",""4"":""9"",""5"":""1""}}","[""high"",""med"",""low""]","OhMV0XE7Ct","type-0"
"AYCHPTQRYDT7G","[""{\""action\"":\""submit\"",\""params\"":[{\""0\"":[0],\""1\"":[0,0],\""2\"":[2,2,2]},null]}"",""{\""action\"":\""submit\"",\""params\"":[{\""0\"":[0],\""1\"":[0,2],\""2\"":[2,2,0]},\""\""]}"",""{\""action\"":\""submit\"",\""params\"":[{\""0\"":[0],\""1\"":[0,2],\""2\"":[2,2,0]},\""\""]}"",""{\""action\"":\""submit\"",\""params\"":[{\""0\"":[0],\""1\"":[0,0],\""2\"":[2,2,0]},\""\""]}"",""{\""action\"":\""submit\"",\""params\"":[{\""0\"":[0],\""1\"":[0,0],\""2\"":[2,2,0]},\""\""]}"",""{\""action\"":\""submit\"",\""params\"":[{\""0\"":[0],\""1\"":[2,2],\""2\"":[2,0,0]},\""\""]}""]","{""0"":{""0"":""strongly disagree"",""1"":""strongly disagree"",""2"":""disagree"",""3"":""agree"",""4"":""strongly disagree"",""5"":""disagree"",""6"":""disagree"",""7"":""strongly disagree"",""8"":""strongly agree"",""9"":""strongly agree"",""10"":""agree"",""11"":""disagree"",""12"":""strongly agree"",""13"":""agree"",""14"":""strongly disagree"",""15"":""neutral"",""16"":""neutral"",""17"":""disagree"",""18"":""strongly agree"",""19"":""strongly disagree""},""1"":{""0"":""1"",""1"":""1"",""2"":""9"",""3"":""9"",""4"":""9"",""5"":""1""}}","[""high"",""med"",""low""]","QudXNrNJZC","type-0"
"A34930YXVQ8SUT","[""{\""action\"":\""submit\"",\""params\"":[{\""0\"":[0],\""1\"":[0,0],\""2\"":[2,2,2]},null]}"",""{\""action\"":\""submit\"",\""params\"":[{\""0\"":[0],\""1\"":[0,0],\""2\"":[2,2,2]},\""\""]}"",""{\""action\"":\""submit\"",\""params\"":[{\""0\"":[0],\""1\"":[0,0],\""2\"":[2,2,2]},\""\""]}"",""{\""action\"":\""submit\"",\""params\"":[{\""0\"":[0],\""1\"":[2,0],\""2\"":[0,2,2]},\""\""]}"",""{\""action\"":\""submit\"",\""params\"":[{\""0\"":[0],\""1\"":[2,0],\""2\"":[2,2,0]},\""\""]}"",""{\""action\"":\""submit\"",\""params\"":[{\""0\"":[0],\""1\"":[2,0],\""2\"":[2,2,0]},\""\""]}"",""{\""action\"":\""submit\"",\""params\"":[{\""0\"":[0],\""1\"":[0,2],\""2\"":[2,2,0]},\""\""]}"",""{\""action\"":\""submit\"",\""params\"":[{\""0\"":[0],\""1\"":[0,2],\""2\"":[2,2,0]},\""\""]}"",""{\""action\"":\""submit\"",\""params\"":[{\""0\"":[0],\""1\"":[0,2],\""2\"":[2,2,0]},\""\""]}"",""{\""action\"":\""submit\"",\""params\"":[{\""0\"":[0],\""1\"":[0,2],\""2\"":[2,2,0]},\""\""]}""]","{""0"":{""0"":""strongly disagree"",""1"":""agree"",""2"":""strongly agree"",""3"":""strongly agree"",""4"":""strongly disagree"",""5"":""strongly agree"",""6"":""strongly agree"",""7"":""strongly disagree"",""8"":""strongly agree"",""9"":""strongly agree"",""10"":""strongly agree"",""11"":""strongly disagree"",""12"":""strongly disagree"",""13"":""strongly agree"",""14"":""agree"",""15"":""strongly agree"",""16"":""strongly agree"",""17"":""strongly disagree"",""18"":""strongly agree"",""19"":""strongly disagree""},""1"":{""0"":""1"",""1"":""1"",""2"":""9"",""3"":""9"",""4"":""9"",""5"":""1""}}","[""high"",""med"",""low""]","JvNpCE9TMI","type-0"
"A224B7BAQ0MZSN","[""{\""action\"":\""submit\"",\""params\"":[{\""0\"":[0],\""1\"":[0,0],\""2\"":[2,2,2]},null]}"",""{\""action\"":\""submit\"",\""params\"":[{\""0\"":[0],\""1\"":[2,0],\""2\"":[2,2,0]},\""\""]}"",""{\""action\"":\""submit\"",\""params\"":[{\""0\"":[0],\""1\"":[0,0],\""2\"":[2,2,2]},\""\""]}"",""{\""action\"":\""submit\"",\""params\"":[{\""0\"":[0],\""1\"":[0,2],\""2\"":[2,2,0]},\""\""]}"",""{\""action\"":\""submit\"",\""params\"":[{\""0\"":[0],\""1\"":[0,2],\""2\"":[2,2,0]},\""\""]}"",""{\""action\"":\""submit\"",\""params\"":[{\""0\"":[0],\""1\"":[0,2],\""2\"":[2,2,0]},\""\""]}"",""{\""action\"":\""submit\"",\""params\"":[{\""0\"":[2],\""1\"":[0,0],\""2\"":[2,2,0]},\""\""]}"",""{\""action\"":\""submit\"",\""params\"":[{\""0\"":[0],\""1\"":[0,2],\""2\"":[2,2,0]},\""\""]}"",""{\""action\"":\""submit\"",\""params\"":[{\""0\"":[2],\""1\"":[0,0],\""2\"":[2,2,0]},\""\""]}"",""{\""action\"":\""submit\"",\""params\"":[{\""0\"":[2],\""1\"":[0,0],\""2\"":[2,2,0]},\""\""]}""]","{""0"":{""0"":""disagree"",""1"":""neutral"",""2"":""agree"",""3"":""neutral"",""4"":""strongly agree"",""5"":""disagree"",""6"":""strongly disagree"",""7"":""strongly disagree"",""8"":""strongly agree"",""9"":""neutral"",""10"":""neutral"",""11"":""agree"",""12"":""strongly disagree"",""13"":""agree"",""14"":""agree"",""15"":""strongly disagree"",""16"":""strongly disagree"",""17"":""agree"",""18"":""agree"",""19"":""strongly disagree""},""1"":{""0"":""9"",""1"":""5"",""2"":""5"",""3"":""9"",""4"":""9"",""5"":""1""}}","[""high"",""med"",""low""]","RDesM7NL1v","type-0"
"A1X4D2KHH87TT7","[""{\""action\"":\""submit\"",\""params\"":[{\""0\"":[0],\""1\"":[0,0],\""2\"":[2,2,0]},null]}"",""{\""action\"":\""submit\"",\""params\"":[{\""0\"":[2],\""1\"":[0,0],\""2\"":[2,2,2]},\""\""]}"",""{\""action\"":\""submit\"",\""params\"":[{\""0\"":[0],\""1\"":[2,2],\""2\"":[2,2,2]},\""\""]}"",""{\""action\"":\""submit\"",\""params\"":[{\""0\"":[2],\""1\"":[0,0],\""2\"":[2,2,0]},\""\""]}"",""{\""action\"":\""submit\"",\""params\"":[{\""0\"":[2],\""1\"":[2,2],\""2\"":[2,0,0]},\""\""]}"",""{\""action\"":\""submit\"",\""params\"":[{\""0\"":[2],\""1\"":[2,2],\""2\"":[2,2,2]},\""\""]}"",""{\""action\"":\""accept\"",\""params\"":[]}""]","{""0"":{""0"":""strongly agree"",""1"":""neutral"",""2"":""neutral"",""3"":""agree"",""4"":""disagree"",""5"":""disagree"",""6"":""disagree"",""7"":""disagree"",""8"":""neutral"",""9"":""disagree"",""10"":""disagree"",""11"":""neutral"",""12"":""disagree"",""13"":""agree"",""14"":""neutral"",""15"":""agree"",""16"":""disagree"",""17"":""neutral"",""18"":""agree"",""19"":""disagree""},""1"":{""0"":""9"",""1"":""4"",""2"":""4"",""3"":""9"",""4"":""9"",""5"":""1""}}","[""high"",""med"",""low""]","zL8nLbMsgo","type-0"
"A225KMWWWHOV09","[""{\""action\"":\""submit\"",\""params\"":[{\""0\"":[0],\""1\"":[0,0],\""2\"":[2,2,2]},null]}"",""{\""action\"":\""submit\"",\""params\"":[{\""0\"":[0],\""1\"":[0,0],\""2\"":[2,2,2]},\""\""]}"",""{\""action\"":\""submit\"",\""params\"":[{\""0\"":[0],\""1\"":[0,0],\""2\"":[2,2,2]},\""\""]}"",""{\""action\"":\""submit\"",\""params\"":[{\""0\"":[0],\""1\"":[0,2],\""2\"":[2,2,0]},\""\""]}"",""{\""action\"":\""submit\"",\""params\"":[{\""0\"":[0],\""1\"":[0,0],\""2\"":[2,2,2]},\""\""]}"",""{\""action\"":\""submit\"",\""params\"":[{\""0\"":[0],\""1\"":[0,0],\""2\"":[2,2,0]},\""\""]}""]","{""0"":{""0"":""agree"",""1"":""disagree"",""2"":""neutral"",""3"":""strongly disagree"",""4"":""strongly agree"",""5"":""neutral"",""6"":""neutral"",""7"":""agree"",""8"":""agree"",""9"":""neutral"",""10"":""disagree"",""11"":""strongly agree"",""12"":""disagree"",""13"":""strongly disagree"",""14"":""disagree"",""15"":""agree"",""16"":""disagree"",""17"":""disagree"",""18"":""strongly agree"",""19"":""strongly disagree""},""1"":{""0"":""1"",""1"":""1"",""2"":""1"",""3"":""1"",""4"":""9"",""5"":""1""}}","[""high"",""med"",""low""]","Do4mQG7rUZ","type-0"
"A2WLGVXAVT2XTR","[""{\""action\"":\""submit\"",\""params\"":[{\""0\"":[0],\""1\"":[0,0],\""2\"":[2,2,0]},null]}"",""{\""action\"":\""submit\"",\""params\"":[{\""0\"":[0],\""1\"":[0,0],\""2\"":[2,2,0]},\""\""]}"",""{\""action\"":\""submit\"",\""params\"":[{\""0\"":[0],\""1\"":[0,0],\""2\"":[2,2,0]},\""\""]}"",""{\""action\"":\""submit\"",\""params\"":[{\""0\"":[2],\""1\"":[2,2],\""2\"":[2,0,0]},\""\""]}"",""{\""action\"":\""submit\"",\""params\"":[{\""0\"":[0],\""1\"":[2,0],\""2\"":[2,2,0]},\""\""]}"",""{\""action\"":\""submit\"",\""params\"":[{\""0\"":[2],\""1\"":[0,0],\""2\"":[2,2,0]},\""\""]}"",""{\""action\"":\""accept\"",\""params\"":[]}""]","{""0"":{""0"":""agree"",""1"":""strongly disagree"",""2"":""disagree"",""3"":""agree"",""4"":""agree"",""5"":""disagree"",""6"":""disagree"",""7"":""disagree"",""8"":""strongly agree"",""9"":""strongly agree"",""10"":""neutral"",""11"":""neutral"",""12"":""disagree"",""13"":""disagree"",""14"":""disagree"",""15"":""strongly disagree"",""16"":""strongly disagree"",""17"":""strongly disagree"",""18"":""strongly disagree"",""19"":""strongly agree""},""1"":{""0"":""1"",""1"":""1"",""2"":""9"",""3"":""9"",""4"":""9"",""5"":""1""}}","[""high"",""med"",""low""]","Wd7XPXj2pC","type-0"
"A37QZIPI5JW6Q9","[""{\""action\"":\""submit\"",\""params\"":[{\""0\"":[0],\""1\"":[2,0],\""2\"":[0,2,2]},null]}"",""{\""action\"":\""submit\"",\""params\"":[{\""0\"":[2],\""1\"":[0,0],\""2\"":[2,2,0]},\""\""]}"",""{\""action\"":\""submit\"",\""params\"":[{\""0\"":[0],\""1\"":[2,2],\""2\"":[2,0,0]},\""\""]}"",""{\""action\"":\""submit\"",\""params\"":[{\""0\"":[0],\""1\"":[2,2],\""2\"":[2,0,0]},\""\""]}"",""{\""action\"":\""submit\"",\""params\"":[{\""0\"":[0],\""1\"":[2,0],\""2\"":[2,2,0]},\""\""]}"",""{\""action\"":\""submit\"",\""params\"":[{\""0\"":[0],\""1\"":[2,2],\""2\"":[2,0,0]},\""\""]}""]","{""0"":{""0"":""neutral"",""1"":""disagree"",""2"":""neutral"",""3"":""agree"",""4"":""disagree"",""5"":""agree"",""6"":""neutral"",""7"":""neutral"",""8"":""agree"",""9"":""agree"",""10"":""agree"",""11"":""disagree"",""12"":""neutral"",""13"":""agree"",""14"":""neutral"",""15"":""agree"",""16"":""agree"",""17"":""agree"",""18"":""neutral"",""19"":""disagree""},""1"":{""0"":""8"",""1"":""5"",""2"":""5"",""3"":""9"",""4"":""9"",""5"":""1""}}","[""high"",""med"",""low""]","stX0pSPP2N","type-0"
"A273DS7TQWR9M1","*","*","*","*","*"
"A2YFPO0N4GIS25","[""{\""action\"":\""submit\"",\""params\"":[{\""0\"":[2],\""1\"":[2,0],\""2\"":[2,2,0]},null]}"",""{\""action\"":\""submit\"",\""params\"":[{\""0\"":[2],\""1\"":[0,0],\""2\"":[2,2,0]},\""\""]}"",""{\""action\"":\""submit\"",\""params\"":[{\""0\"":[0],\""1\"":[0,0],\""2\"":[2,2,2]},\""\""]}"",""{\""action\"":\""submit\"",\""params\"":[{\""0\"":[0],\""1\"":[0,2],\""2\"":[2,2,0]},\""\""]}"",""{\""action\"":\""submit\"",\""params\"":[{\""0\"":[0],\""1\"":[2,2],\""2\"":[2,0,0]},\""\""]}"",""{\""action\"":\""submit\"",\""params\"":[{\""0\"":[0],\""1\"":[2,0],\""2\"":[2,2,0]},\""\""]}"",""{\""action\"":\""accept\"",\""params\"":[]}""]","{""0"":{""0"":""disagree"",""1"":""neutral"",""2"":""disagree"",""3"":""agree"",""4"":""strongly disagree"",""5"":""neutral"",""6"":""neutral"",""7"":""strongly disagree"",""8"":""agree"",""9"":""neutral"",""10"":""neutral"",""11"":""disagree"",""12"":""disagree"",""13"":""neutral"",""14"":""agree"",""15"":""strongly disagree"",""16"":""disagree"",""17"":""agree"",""18"":""strongly agree"",""19"":""strongly disagree""},""1"":{""0"":""9"",""1"":""3"",""2"":""9"",""3"":""9"",""4"":""9"",""5"":""1""}}","[""high"",""med"",""low""]","AzySyERt7l","type-0"
"A1X5IZPCRLL0Z7","[""{\""action\"":\""submit\"",\""params\"":[{\""0\"":[2],\""1\"":[0,2],\""2\"":[2,0,0]},null]}"",""{\""action\"":\""submit\"",\""params\"":[{\""0\"":[2],\""1\"":[0,0],\""2\"":[2,2,0]},\""\""]}"",""{\""action\"":\""submit\"",\""params\"":[{\""0\"":[0],\""1\"":[0,0],\""2\"":[2,2,0]},\""\""]}"",""{\""action\"":\""submit\"",\""params\"":[{\""0\"":[2],\""1\"":[0,2],\""2\"":[2,0,0]},\""\""]}"",""{\""action\"":\""submit\"",\""params\"":[{\""0\"":[2],\""1\"":[2,0],\""2\"":[2,0,0]},\""\""]}""]","{""0"":{""0"":""agree"",""1"":""agree"",""2"":""neutral"",""3"":""agree"",""4"":""strongly disagree"",""5"":""agree"",""6"":""disagree"",""7"":""neutral"",""8"":""agree"",""9"":""disagree"",""10"":""agree"",""11"":""neutral"",""12"":""strongly disagree"",""13"":""disagree"",""14"":""agree"",""15"":""neutral"",""16"":""strongly disagree"",""17"":""disagree"",""18"":""strongly agree"",""19"":""strongly disagree""},""1"":{""0"":""9"",""1"":""5"",""2"":""5"",""3"":""9"",""4"":""9"",""5"":""1""}}","[""high"",""med"",""low""]","ZDdpHTyi28","type-0"
"A177EXELDLWTWV","[""{\""action\"":\""submit\"",\""params\"":[{\""0\"":[0],\""1\"":[0,0],\""2\"":[2,2,2]},null]}"",""{\""action\"":\""accept\"",\""params\"":[]}""]","{""0"":{""0"":""strongly disagree"",""1"":""agree"",""2"":""agree"",""3"":""agree"",""4"":""agree"",""5"":""disagree"",""6"":""disagree"",""7"":""agree"",""8"":""agree"",""9"":""disagree"",""10"":""agree"",""11"":""strongly disagree"",""12"":""agree"",""13"":""neutral"",""14"":""disagree"",""15"":""agree"",""16"":""strongly disagree"",""17"":""strongly disagree"",""18"":""agree"",""19"":""strongly disagree""},""1"":{""0"":""1"",""1"":""1"",""2"":""9"",""3"":""9"",""4"":""9"",""5"":""1""}}","[""high"",""med"",""low""]","WZjPIVjQe8","type-0"
"A1FG4M4370KNFI","[""{\""action\"":\""submit\"",\""params\"":[{\""0\"":[0],\""1\"":[2,0],\""2\"":[2,2,0]},null]}"",""{\""action\"":\""submit\"",\""params\"":[{\""0\"":[0],\""1\"":[0,0],\""2\"":[2,2,2]},\""\""]}"",""{\""action\"":\""submit\"",\""params\"":[{\""0\"":[0],\""1\"":[0,2],\""2\"":[0,2,2]},\""\""]}"",""{\""action\"":\""submit\"",\""params\"":[{\""0\"":[2],\""1\"":[0,0],\""2\"":[2,2,0]},\""\""]}"",""{\""action\"":\""submit\"",\""params\"":[{\""0\"":[0],\""1\"":[2,0],\""2\"":[2,2,0]},\""\""]}"",""{\""action\"":\""submit\"",\""params\"":[{\""0\"":[2],\""1\"":[0,0],\""2\"":[2,2,0]},\""\""]}"",""{\""action\"":\""accept\"",\""params\"":[]}""]","{""0"":{""0"":""disagree"",""1"":""disagree"",""2"":""neutral"",""3"":""neutral"",""4"":""neutral"",""5"":""strongly agree"",""6"":""agree"",""7"":""disagree"",""8"":""strongly agree"",""9"":""agree"",""10"":""disagree"",""11"":""neutral"",""12"":""strongly disagree"",""13"":""neutral"",""14"":""neutral"",""15"":""disagree"",""16"":""neutral"",""17"":""agree"",""18"":""neutral"",""19"":""neutral""},""1"":{""0"":""9"",""1"":""5"",""2"":""4"",""3"":""9"",""4"":""9"",""5"":""1""}}","[""high"",""med"",""low""]","NcviQKhY8A","type-0"
"A2RGVPOAYEEC7K","[""{\""action\"":\""submit\"",\""params\"":[{\""0\"":[0],\""1\"":[2,2],\""2\"":[0,2,0]},null]}"",""{\""action\"":\""accept\"",\""params\"":[]}""]","{""0"":{""0"":""agree"",""1"":""strongly agree"",""2"":""disagree"",""3"":""strongly disagree"",""4"":""disagree"",""5"":""disagree"",""6"":""strongly disagree"",""7"":""neutral"",""8"":""neutral"",""9"":""disagree"",""10"":""strongly disagree"",""11"":""agree"",""12"":""agree"",""13"":""disagree"",""14"":""strongly agree"",""15"":""neutral"",""16"":""strongly disagree"",""17"":""agree"",""18"":""agree"",""19"":""neutral""},""1"":{""0"":""9"",""1"":""5"",""2"":""5"",""3"":""9"",""4"":""9"",""5"":""1""}}","[""high"",""med"",""low""]","uCZ22R4l0y","type-0"
"A1H72Y9Z5NJXDS","[""{\""action\"":\""submit\"",\""params\"":[{\""0\"":[0],\""1\"":[0,0],\""2\"":[0,0,0]},null]}"",""{\""action\"":\""submit\"",\""params\"":[{\""0\"":[0],\""1\"":[0,0],\""2\"":[2,2,2]},\""\""]}"",""{\""action\"":\""submit\"",\""params\"":[{\""0\"":[0],\""1\"":[0,0],\""2\"":[2,2,0]},\""\""]}"",""{\""action\"":\""accept\"",\""params\"":[]}""]","{""0"":{""0"":""disagree"",""1"":""strongly disagree"",""2"":""neutral"",""3"":""agree"",""4"":""strongly disagree"",""5"":""disagree"",""6"":""neutral"",""7"":""strongly disagree"",""8"":""agree"",""9"":""agree"",""10"":""neutral"",""11"":""disagree"",""12"":""disagree"",""13"":""neutral"",""14"":""neutral"",""15"":""disagree"",""16"":""disagree"",""17"":""agree"",""18"":""strongly agree"",""19"":""strongly disagree""},""1"":{""0"":""9"",""1"":""5"",""2"":""4"",""3"":""9"",""4"":""9"",""5"":""1""}}","[""high"",""med"",""low""]","NomhZE2I4i","type-0"
"A11S8IAAVDXCUS","[""{\""action\"":\""submit\"",\""params\"":[{\""0\"":[0],\""1\"":[0,0],\""2\"":[0,0,0]},null]}""]","{""0"":{""0"":""strongly disagree"",""1"":""strongly disagree"",""2"":""neutral"",""3"":""strongly disagree"",""4"":""agree"",""5"":""neutral"",""6"":""neutral"",""7"":""neutral"",""8"":""agree"",""9"":""agree"",""10"":""disagree"",""11"":""agree"",""12"":""disagree"",""13"":""disagree"",""14"":""disagree"",""15"":""disagree"",""16"":""neutral"",""17"":""disagree"",""18"":""neutral"",""19"":""disagree""},""1"":{""0"":""1"",""1"":""1"",""2"":""1"",""3"":""9"",""4"":""9"",""5"":""1""}}","[""high"",""med"",""low""]","O0SKJokqY2","type-0"
"A248LF7KKHXZ14","[""{\""action\"":\""submit\"",\""params\"":[{\""0\"":[0],\""1\"":[0,0],\""2\"":[0,0,0]},null]}"",""{\""action\"":\""submit\"",\""params\"":[{\""0\"":[2],\""1\"":[2,2],\""2\"":[2,0,0]},\""\""]}"",""{\""action\"":\""accept\"",\""params\"":[]}""]","{""0"":{""0"":""agree"",""1"":""agree"",""2"":""agree"",""3"":""neutral"",""4"":""neutral"",""5"":""disagree"",""6"":""disagree"",""7"":""agree"",""8"":""agree"",""9"":""neutral"",""10"":""neutral"",""11"":""neutral"",""12"":""neutral"",""13"":""neutral"",""14"":""agree"",""15"":""neutral"",""16"":""neutral"",""17"":""agree"",""18"":""agree"",""19"":""strongly disagree""},""1"":{""0"":""1"",""1"":""1"",""2"":""9"",""3"":""9"",""4"":""9"",""5"":""1""}}","[""high"",""med"",""low""]","Iqk51sUEtY","type-0"
"A34PK1C7TPHWG3","*","{""0"":{""0"":""agree"",""1"":""disagree"",""2"":""agree"",""3"":""agree"",""4"":""disagree"",""5"":""agree"",""6"":""agree"",""7"":""disagree"",""8"":""agree"",""9"":""agree"",""10"":""neutral"",""11"":""disagree"",""12"":""disagree"",""13"":""neutral"",""14"":""neutral"",""15"":""agree"",""16"":""neutral"",""17"":""neutral"",""18"":""agree"",""19"":""neutral""},""1"":{""0"":""8"",""1"":""5"",""2"":""5"",""3"":""9"",""4"":""9"",""5"":""1""}}","*","*","type-0"
"A1JFQYGO8M6EWX","[""{\""action\"":\""submit\"",\""params\"":[{\""0\"":[0],\""1\"":[0,0],\""2\"":[2,2,2]},null]}"",""{\""action\"":\""submit\"",\""params\"":[{\""0\"":[0],\""1\"":[0,2],\""2\"":[2,2,0]},\""\""]}"",""{\""action\"":\""submit\"",\""params\"":[{\""0\"":[0],\""1\"":[0,0],\""2\"":[2,2,2]},\""\""]}"",""{\""action\"":\""submit\"",\""params\"":[{\""0\"":[2],\""1\"":[0,0],\""2\"":[2,2,0]},\""\""]}"",""{\""action\"":\""submit\"",\""params\"":[{\""0\"":[0],\""1\"":[0,0],\""2\"":[2,2,0]},\""\""]}"",""{\""action\"":\""submit\"",\""params\"":[{\""0\"":[0],\""1\"":[0,0],\""2\"":[2,2,0]},\""\""]}""]","{""0"":{""0"":""neutral"",""1"":""agree"",""2"":""neutral"",""3"":""neutral"",""4"":""agree"",""5"":""agree"",""6"":""neutral"",""7"":""disagree"",""8"":""neutral"",""9"":""neutral"",""10"":""disagree"",""11"":""agree"",""12"":""agree"",""13"":""neutral"",""14"":""neutral"",""15"":""agree"",""16"":""strongly disagree"",""17"":""neutral"",""18"":""agree"",""19"":""neutral""},""1"":{""0"":""9"",""1"":""5"",""2"":""5"",""3"":""9"",""4"":""9"",""5"":""1""}}","[""high"",""med"",""low""]","rK0LI99RC1","type-0"
"A2VBSFSJXLZZ7A","[""{\""action\"":\""submit\"",\""params\"":[{\""0\"":[0],\""1\"":[0,0],\""2\"":[2,2,2]},null]}"",""{\""action\"":\""submit\"",\""params\"":[{\""0\"":[0],\""1\"":[0,0],\""2\"":[2,2,2]},\""\""]}"",""{\""action\"":\""submit\"",\""params\"":[{\""0\"":[0],\""1\"":[2,0],\""2\"":[2,2,0]},\""\""]}"",""{\""action\"":\""submit\"",\""params\"":[{\""0\"":[0],\""1\"":[2,2],\""2\"":[2,0,0]},\""\""]}"",""{\""action\"":\""submit\"",\""params\"":[{\""0\"":[0],\""1\"":[2,0],\""2\"":[2,2,0]},\""\""]}"",""{\""action\"":\""accept\"",\""params\"":[]}""]","{""0"":{""0"":""disagree"",""1"":""disagree"",""2"":""neutral"",""3"":""agree"",""4"":""disagree"",""5"":""agree"",""6"":""agree"",""7"":""strongly disagree"",""8"":""strongly agree"",""9"":""neutral"",""10"":""agree"",""11"":""disagree"",""12"":""strongly disagree"",""13"":""disagree"",""14"":""disagree"",""15"":""neutral"",""16"":""disagree"",""17"":""disagree"",""18"":""agree"",""19"":""strongly disagree""},""1"":{""0"":""9"",""1"":""5"",""2"":""4"",""3"":""9"",""4"":""9"",""5"":""1""}}","[""high"",""med"",""low""]","8dYvApr1KL","type-0"
"A38ZV8LBZ034IZ","[""{\""action\"":\""submit\"",\""params\"":[{\""0\"":[0],\""1\"":[0,0],\""2\"":[0,0,0]},null]}"",""{\""action\"":\""submit\"",\""params\"":[{\""0\"":[0],\""1\"":[0,0],\""2\"":[2,2,2]},\""\""]}"",""{\""action\"":\""submit\"",\""params\"":[{\""0\"":[0],\""1\"":[2,0],\""2\"":[2,2,0]},\""\""]}"",""{\""action\"":\""submit\"",\""params\"":[{\""0\"":[0],\""1\"":[0,0],\""2\"":[2,2,0]},\""\""]}"",""{\""action\"":\""submit\"",\""params\"":[{\""0\"":[2],\""1\"":[0,0],\""2\"":[2,2,0]},\""\""]}"",""{\""action\"":\""submit\"",\""params\"":[{\""0\"":[0],\""1\"":[0,0],\""2\"":[2,2,0]},\""\""]}""]","{""0"":{""0"":""neutral"",""1"":""neutral"",""2"":""neutral"",""3"":""disagree"",""4"":""agree"",""5"":""strongly disagree"",""6"":""strongly disagree"",""7"":""neutral"",""8"":""neutral"",""9"":""disagree"",""10"":""neutral"",""11"":""strongly agree"",""12"":""strongly disagree"",""13"":""strongly disagree"",""14"":""neutral"",""15"":""strongly disagree"",""16"":""neutral"",""17"":""disagree"",""18"":""agree"",""19"":""strongly disagree""},""1"":{""0"":""1"",""1"":""1"",""2"":""9"",""3"":""9"",""4"":""9"",""5"":""1""}}","[""high"",""med"",""low""]","F3voMRZtEh","type-0"
"AC93AVCHZRXFY","[""{\""action\"":\""submit\"",\""params\"":[{\""0\"":[0],\""1\"":[0,0],\""2\"":[2,2,2]},null]}"",""{\""action\"":\""submit\"",\""params\"":[{\""0\"":[0],\""1\"":[0,2],\""2\"":[2,2,0]},\""\""]}"",""{\""action\"":\""submit\"",\""params\"":[{\""0\"":[2],\""1\"":[0,0],\""2\"":[2,2,0]},\""\""]}"",""{\""action\"":\""submit\"",\""params\"":[{\""0\"":[0],\""1\"":[0,2],\""2\"":[2,2,0]},\""\""]}"",""{\""action\"":\""submit\"",\""params\"":[{\""0\"":[2],\""1\"":[0,0],\""2\"":[0,2,2]},\""\""]}"",""{\""action\"":\""submit\"",\""params\"":[{\""0\"":[0],\""1\"":[0,2],\""2\"":[0,2,2]},\""\""]}"",""{\""action\"":\""submit\"",\""params\"":[{\""0\"":[2],\""1\"":[0,0],\""2\"":[2,2,0]},\""\""]}"",""{\""action\"":\""submit\"",\""params\"":[{\""0\"":[0],\""1\"":[2,0],\""2\"":[2,2,0]},\""\""]}"",""{\""action\"":\""submit\"",\""params\"":[{\""0\"":[2],\""1\"":[0,0],\""2\"":[2,2,0]},\""\""]}"",""{\""action\"":\""submit\"",\""params\"":[{\""0\"":[2],\""1\"":[0,0],\""2\"":[2,2,0]},\""\""]}""]","{""0"":{""0"":""disagree"",""1"":""disagree"",""2"":""strongly disagree"",""3"":""agree"",""4"":""disagree"",""5"":""neutral"",""6"":""disagree"",""7"":""disagree"",""8"":""agree"",""9"":""disagree"",""10"":""agree"",""11"":""disagree"",""12"":""disagree"",""13"":""neutral"",""14"":""disagree"",""15"":""disagree"",""16"":""agree"",""17"":""disagree"",""18"":""agree"",""19"":""disagree""},""1"":{""0"":""1"",""1"":""1"",""2"":""9"",""3"":""9"",""4"":""9"",""5"":""1""}}","[""high"",""med"",""low""]","OHpVbWBIPl","type-0"
" A1BQCRF5Q76YFY","[""{\""action\"":\""submit\"",\""params\"":[{\""0\"":[0],\""1\"":[0,2],\""2\"":[2,2,0]},null]}"",""{\""action\"":\""submit\"",\""params\"":[{\""0\"":[0],\""1\"":[0,0],\""2\"":[2,2,2]},\""\""]}"",""{\""action\"":\""submit\"",\""params\"":[{\""0\"":[0],\""1\"":[2,0],\""2\"":[2,2,0]},\""\""]}"",""{\""action\"":\""submit\"",\""params\"":[{\""0\"":[0],\""1\"":[0,0],\""2\"":[2,2,2]},\""\""]}"",""{\""action\"":\""submit\"",\""params\"":[{\""0\"":[0],\""1\"":[2,0],\""2\"":[2,2,0]},\""\""]}"",""{\""action\"":\""submit\"",\""params\"":[{\""0\"":[0],\""1\"":[2,2],\""2\"":[2,0,0]},\""\""]}""]","{""0"":{""0"":""disagree"",""1"":""strongly disagree"",""2"":""strongly agree"",""3"":""disagree"",""4"":""strongly agree"",""5"":""strongly agree"",""6"":""strongly agree"",""7"":""disagree"",""8"":""strongly agree"",""9"":""strongly agree"",""10"":""agree"",""11"":""agree"",""12"":""disagree"",""13"":""disagree"",""14"":""agree"",""15"":""strongly agree"",""16"":""disagree"",""17"":""strongly disagree"",""18"":""strongly disagree"",""19"":""strongly disagree""},""1"":{""0"":""1"",""1"":""1"",""2"":""9"",""3"":""9"",""4"":""9"",""5"":""1""}}","[""high"",""med"",""low""]","QUBe2cpXRL","type-0"
"A1YGSYTOGXCQY7","*","{""0"":{""0"":""disagree"",""1"":""neutral"",""2"":""neutral"",""3"":""agree"",""4"":""disagree"",""5"":""agree"",""6"":""agree"",""7"":""disagree"",""8"":""strongly agree"",""9"":""strongly agree"",""10"":""disagree"",""11"":""neutral"",""12"":""disagree"",""13"":""neutral"",""14"":""agree"",""15"":""neutral"",""16"":""disagree"",""17"":""neutral"",""18"":""strongly agree"",""19"":""disagree""},""1"":{""0"":""1"",""1"":""1"",""2"":""9"",""3"":""9"",""4"":""9"",""5"":""1""}}","*","*","type-0"
"A2WCXJZEXXR60A","[""{\""action\"":\""submit\"",\""params\"":[{\""0\"":[0],\""1\"":[0,0],\""2\"":[2,2,0]},null]}"",""{\""action\"":\""submit\"",\""params\"":[{\""0\"":[2],\""1\"":[2,2],\""2\"":[2,0,0]},\""\""]}"",""{\""action\"":\""submit\"",\""params\"":[{\""0\"":[2],\""1\"":[2,2],\""2\"":[2,2,2]},\""\""]}"",""{\""action\"":\""submit\"",\""params\"":[{\""0\"":[2],\""1\"":[2,2],\""2\"":[2,0,0]},\""\""]}"",""{\""action\"":\""submit\"",\""params\"":[{\""0\"":[0],\""1\"":[2,2],\""2\"":[2,0,0]},\""\""]}"",""{\""action\"":\""submit\"",\""params\"":[{\""0\"":[2],\""1\"":[2,2],\""2\"":[2,2,2]},\""\""]}"",""{\""action\"":\""accept\"",\""params\"":[]}""]","{""0"":{""0"":""neutral"",""1"":""agree"",""2"":""agree"",""3"":""agree"",""4"":""disagree"",""5"":""neutral"",""6"":""disagree"",""7"":""disagree"",""8"":""agree"",""9"":""agree"",""10"":""neutral"",""11"":""disagree"",""12"":""disagree"",""13"":""neutral"",""14"":""neutral"",""15"":""agree"",""16"":""disagree"",""17"":""disagree"",""18"":""agree"",""19"":""disagree""},""1"":{""0"":""1"",""1"":""1"",""2"":""9"",""3"":""9"",""4"":""9"",""5"":""1""}}","[""high"",""med"",""low""]","Gov6ivnCn5","type-0"
"A15SUPIZ05ZFCD","[""{\""action\"":\""submit\"",\""params\"":[{\""0\"":[0],\""1\"":[0,0],\""2\"":[0,2,2]},null]}"",""{\""action\"":\""submit\"",\""params\"":[{\""0\"":[2],\""1\"":[2,2],\""2\"":[2,0,0]},\""\""]}"",""{\""action\"":\""submit\"",\""params\"":[{\""0\"":[0],\""1\"":[2,2],\""2\"":[2,0,0]},\""\""]}"",""{\""action\"":\""submit\"",\""params\"":[{\""0\"":[2],\""1\"":[0,2],\""2\"":[2,0,0]},\""\""]}"",""{\""action\"":\""submit\"",\""params\"":[{\""0\"":[0],\""1\"":[2,0],\""2\"":[2,2,0]},\""\""]}"",""{\""action\"":\""submit\"",\""params\"":[{\""0\"":[2],\""1\"":[2,2],\""2\"":[2,0,0]},\""\""]}""]","{""0"":{""0"":""neutral"",""1"":""neutral"",""2"":""agree"",""3"":""neutral"",""4"":""disagree"",""5"":""strongly agree"",""6"":""agree"",""7"":""disagree"",""8"":""strongly agree"",""9"":""agree"",""10"":""disagree"",""11"":""neutral"",""12"":""neutral"",""13"":""disagree"",""14"":""neutral"",""15"":""agree"",""16"":""disagree"",""17"":""agree"",""18"":""strongly agree"",""19"":""neutral""},""1"":{""0"":""1"",""1"":""1"",""2"":""9"",""3"":""9"",""4"":""9"",""5"":""1""}}","[""high"",""med"",""low""]","62uObkKmYn","type-0"
"A1S68DTVE9GU76","[""{\""action\"":\""submit\"",\""params\"":[{\""0\"":[0],\""1\"":[0,0],\""2\"":[2,2,2]},null]}"",""{\""action\"":\""submit\"",\""params\"":[{\""0\"":[2],\""1\"":[2,2],\""2\"":[2,2,2]},\""\""]}"",""{\""action\"":\""submit\"",\""params\"":[{\""0\"":[2],\""1\"":[0,0],\""2\"":[2,2,2]},\""\""]}"",""{\""action\"":\""submit\"",\""params\"":[{\""0\"":[2],\""1\"":[0,0],\""2\"":[2,2,0]},\""\""]}"",""{\""action\"":\""submit\"",\""params\"":[{\""0\"":[0],\""1\"":[2,0],\""2\"":[2,2,0]},\""\""]}"",""{\""action\"":\""submit\"",\""params\"":[{\""0\"":[2],\""1\"":[0,0],\""2\"":[2,2,0]},\""\""]}"",""{\""action\"":\""submit\"",\""params\"":[{\""0\"":[0],\""1\"":[0,0],\""2\"":[2,2,2]},\""\""]}"",""{\""action\"":\""submit\"",\""params\"":[{\""0\"":[0],\""1\"":[0,0],\""2\"":[2,2,2]},\""\""]}"",""{\""action\"":\""submit\"",\""params\"":[{\""0\"":[0],\""1\"":[0,0],\""2\"":[2,2,2]},\""\""]}"",""{\""action\"":\""submit\"",\""params\"":[{\""0\"":[0],\""1\"":[2,2],\""2\"":[2,2,2]},\""\""]}""]","{""0"":{""0"":""strongly agree"",""1"":""agree"",""2"":""strongly agree"",""3"":""strongly disagree"",""4"":""agree"",""5"":""strongly agree"",""6"":""strongly agree"",""7"":""strongly disagree"",""8"":""strongly agree"",""9"":""strongly agree"",""10"":""strongly disagree"",""11"":""strongly agree"",""12"":""strongly agree"",""13"":""strongly agree"",""14"":""strongly disagree"",""15"":""strongly agree"",""16"":""strongly disagree"",""17"":""strongly disagree"",""18"":""strongly agree"",""19"":""strongly disagree""},""1"":{""0"":""1"",""1"":""1"",""2"":""9"",""3"":""9"",""4"":""9"",""5"":""1""}}","[""high"",""med"",""low""]","LTZT7xPvmI","type-0"
"A1R93MQYAFEVX1","[""{\""action\"":\""submit\"",\""params\"":[{\""0\"":[2],\""1\"":[0,0],\""2\"":[2,2,0]},null]}"",""{\""action\"":\""submit\"",\""params\"":[{\""0\"":[0],\""1\"":[2,2],\""2\"":[2,0,0]},\""\""]}"",""{\""action\"":\""submit\"",\""params\"":[{\""0\"":[0],\""1\"":[0,0],\""2\"":[2,2,0]},\""\""]}"",""{\""action\"":\""submit\"",\""params\"":[{\""0\"":[2],\""1\"":[2,2],\""2\"":[2,0,0]},\""\""]}"",""{\""action\"":\""submit\"",\""params\"":[{\""0\"":[0],\""1\"":[0,0],\""2\"":[0,2,2]},\""\""]}"",""{\""action\"":\""submit\"",\""params\"":[{\""0\"":[2],\""1\"":[2,2],\""2\"":[2,0,0]},\""\""]}""]","{""0"":{""0"":""agree"",""1"":""neutral"",""2"":""strongly agree"",""3"":""neutral"",""4"":""agree"",""5"":""neutral"",""6"":""neutral"",""7"":""strongly agree"",""8"":""strongly agree"",""9"":""neutral"",""10"":""agree"",""11"":""strongly agree"",""12"":""disagree"",""13"":""disagree"",""14"":""strongly disagree"",""15"":""disagree"",""16"":""strongly disagree"",""17"":""disagree"",""18"":""agree"",""19"":""disagree""},""1"":{""0"":""1"",""1"":""1"",""2"":""9"",""3"":""9"",""4"":""9"",""5"":""1""}}","[""high"",""med"",""low""]","hnaqzXb1GD","type-0"
"AFDC9A6Z60W2Z","[""{\""action\"":\""submit\"",\""params\"":[{\""0\"":[0],\""1\"":[0,0],\""2\"":[2,2,2]},null]}"",""{\""action\"":\""submit\"",\""params\"":[{\""0\"":[0],\""1\"":[0,2],\""2\"":[2,2,0]},\""\""]}"",""{\""action\"":\""submit\"",\""params\"":[{\""0\"":[0],\""1\"":[0,0],\""2\"":[2,2,0]},\""\""]}"",""{\""action\"":\""submit\"",\""params\"":[{\""0\"":[2],\""1\"":[2,2],\""2\"":[2,0,0]},\""\""]}"",""{\""action\"":\""submit\"",\""params\"":[{\""0\"":[0],\""1\"":[0,0],\""2\"":[2,2,0]},\""\""]}"",""{\""action\"":\""submit\"",\""params\"":[{\""0\"":[0],\""1\"":[0,0],\""2\"":[2,2,0]},\""\""]}""]","{""0"":{""0"":""disagree"",""1"":""neutral"",""2"":""neutral"",""3"":""disagree"",""4"":""neutral"",""5"":""disagree"",""6"":""disagree"",""7"":""agree"",""8"":""strongly agree"",""9"":""neutral"",""10"":""disagree"",""11"":""agree"",""12"":""neutral"",""13"":""disagree"",""14"":""neutral"",""15"":""disagree"",""16"":""strongly disagree"",""17"":""neutral"",""18"":""strongly agree"",""19"":""strongly disagree""},""1"":{""0"":""1"",""1"":""1"",""2"":""9"",""3"":""9"",""4"":""9"",""5"":""1""}}","[""high"",""med"",""low""]","TnjXRRyPaF","type-0"
"A1VMLIEXDEIX9Q","[""{\""action\"":\""submit\"",\""params\"":[{\""0\"":[0],\""1\"":[0,0],\""2\"":[2,2,2]},null]}"",""{\""action\"":\""submit\"",\""params\"":[{\""0\"":[2],\""1\"":[2,2],\""2\"":[0,0,0]},\""\""]}""]","{""0"":{""0"":""strongly disagree"",""1"":""neutral"",""2"":""strongly agree"",""3"":""strongly agree"",""4"":""strongly disagree"",""5"":""agree"",""6"":""disagree"",""7"":""disagree"",""8"":""strongly agree"",""9"":""neutral"",""10"":""disagree"",""11"":""disagree"",""12"":""strongly disagree"",""13"":""neutral"",""14"":""neutral"",""15"":""disagree"",""16"":""disagree"",""17"":""strongly disagree"",""18"":""strongly agree"",""19"":""strongly disagree""},""1"":{""0"":""9"",""1"":""5"",""2"":""5"",""3"":""9"",""4"":""9"",""5"":""1""}}","[""high"",""med"",""low""]","rweBcmJsTo","type-0"
"A2NJAHKIJQXPCI","[""{\""action\"":\""submit\"",\""params\"":[{\""0\"":[0],\""1\"":[0,0],\""2\"":[0,0,0]},null]}"",""{\""action\"":\""submit\"",\""params\"":[{\""0\"":[0],\""1\"":[0,0],\""2\"":[0,0,2]},\""\""]}"",""{\""action\"":\""submit\"",\""params\"":[{\""0\"":[0],\""1\"":[0,0],\""2\"":[0,2,2]},\""\""]}"",""{\""action\"":\""submit\"",\""params\"":[{\""0\"":[2],\""1\"":[0,0],\""2\"":[0,0,0]},\""\""]}"",""{\""action\"":\""submit\"",\""params\"":[{\""0\"":[2],\""1\"":[0,0],\""2\"":[0,2,0]},\""\""]}"",""{\""action\"":\""submit\"",\""params\"":[{\""0\"":[2],\""1\"":[0,0],\""2\"":[0,2,2]},\""\""]}"",""{\""action\"":\""submit\"",\""params\"":[{\""0\"":[0],\""1\"":[0,0],\""2\"":[2,2,2]},\""\""]}"",""{\""action\"":\""accept\"",\""params\"":[]}""]","{""0"":{""0"":""neutral"",""1"":""neutral"",""2"":""disagree"",""3"":""disagree"",""4"":""neutral"",""5"":""neutral"",""6"":""agree"",""7"":""strongly agree"",""8"":""agree"",""9"":""agree"",""10"":""neutral"",""11"":""neutral"",""12"":""agree"",""13"":""agree"",""14"":""agree"",""15"":""agree"",""16"":""strongly agree"",""17"":""agree"",""18"":""agree"",""19"":""neutral""},""1"":{""0"":""5"",""1"":""6"",""2"":""6"",""3"":""4"",""4"":""7"",""5"":""6""}}","[""high"",""med"",""low""]","Mg3h7UJN95","type-0"
"A26OCMKWPBFVHV","[""{\""action\"":\""submit\"",\""params\"":[{\""0\"":[0],\""1\"":[0,0],\""2\"":[0,0,0]},null]}"",""{\""action\"":\""submit\"",\""params\"":[{\""0\"":[2],\""1\"":[2,2],\""2\"":[2,0,0]},\""\""]}"",""{\""action\"":\""accept\"",\""params\"":[]}""]","{""0"":{""0"":""disagree"",""1"":""disagree"",""2"":""agree"",""3"":""agree"",""4"":""disagree"",""5"":""neutral"",""6"":""disagree"",""7"":""neutral"",""8"":""agree"",""9"":""neutral"",""10"":""neutral"",""11"":""disagree"",""12"":""disagree"",""13"":""disagree"",""14"":""neutral"",""15"":""agree"",""16"":""disagree"",""17"":""disagree"",""18"":""strongly agree"",""19"":""disagree""},""1"":{""0"":""9"",""1"":""5"",""2"":""5"",""3"":""9"",""4"":""9"",""5"":""1""}}","[""high"",""med"",""low""]","hhFIXt3OV0","type-0"
"A1QC9MDXNYLFO","[""{\""action\"":\""submit\"",\""params\"":[{\""0\"":[0],\""1\"":[0,0],\""2\"":[2,2,2]},null]}"",""{\""action\"":\""submit\"",\""params\"":[{\""0\"":[2],\""1\"":[0,2],\""2\"":[2,0,0]},\""\""]}"",""{\""action\"":\""submit\"",\""params\"":[{\""0\"":[0],\""1\"":[0,0],\""2\"":[0,2,2]},\""\""]}"",""{\""action\"":\""submit\"",\""params\"":[{\""0\"":[2],\""1\"":[0,0],\""2\"":[2,0,2]},\""\""]}"",""{\""action\"":\""submit\"",\""params\"":[{\""0\"":[0],\""1\"":[0,0],\""2\"":[2,0,2]},\""\""]}"",""{\""action\"":\""submit\"",\""params\"":[{\""0\"":[2],\""1\"":[2,2],\""2\"":[2,0,0]},\""\""]}""]","{""0"":{""0"":""disagree"",""1"":""disagree"",""2"":""strongly agree"",""3"":""neutral"",""4"":""strongly disagree"",""5"":""agree"",""6"":""neutral"",""7"":""strongly disagree"",""8"":""agree"",""9"":""neutral"",""10"":""neutral"",""11"":""disagree"",""12"":""disagree"",""13"":""neutral"",""14"":""disagree"",""15"":""agree"",""16"":""strongly disagree"",""17"":""disagree"",""18"":""strongly agree"",""19"":""strongly disagree""},""1"":{""0"":""9"",""1"":""5"",""2"":""5"",""3"":""9"",""4"":""9"",""5"":""1""}}","[""high"",""med"",""low""]","9d9bkSTZjl","type-0"
"A3H48TMCITL94X","[""{\""action\"":\""submit\"",\""params\"":[{\""0\"":[0],\""1\"":[0,0],\""2\"":[2,2,2]},null]}"",""{\""action\"":\""submit\"",\""params\"":[{\""0\"":[0],\""1\"":[0,2],\""2\"":[0,2,2]},\""\""]}"",""{\""action\"":\""submit\"",\""params\"":[{\""0\"":[0],\""1\"":[2,0],\""2\"":[2,2,0]},\""\""]}"",""{\""action\"":\""submit\"",\""params\"":[{\""0\"":[0],\""1\"":[0,0],\""2\"":[2,2,0]},\""\""]}"",""{\""action\"":\""submit\"",\""params\"":[{\""0\"":[2],\""1\"":[2,2],\""2\"":[0,2,0]},\""\""]}"",""{\""action\"":\""submit\"",\""params\"":[{\""0\"":[2],\""1\"":[2,2],\""2\"":[2,0,0]},\""\""]}""]","{""0"":{""0"":""strongly disagree"",""1"":""strongly disagree"",""2"":""agree"",""3"":""agree"",""4"":""disagree"",""5"":""agree"",""6"":""neutral"",""7"":""disagree"",""8"":""strongly agree"",""9"":""agree"",""10"":""disagree"",""11"":""disagree"",""12"":""disagree"",""13"":""disagree"",""14"":""agree"",""15"":""neutral"",""16"":""disagree"",""17"":""agree"",""18"":""neutral"",""19"":""disagree""},""1"":{""0"":""9"",""1"":""5"",""2"":""5"",""3"":""9"",""4"":""9"",""5"":""1""}}","[""high"",""med"",""low""]","kN6cht7xMt","type-0"
"A2YI2GD7DLFD05","[""{\""action\"":\""submit\"",\""params\"":[{\""0\"":[0],\""1\"":[0,2],\""2\"":[2,2,0]},null]}"",""{\""action\"":\""submit\"",\""params\"":[{\""0\"":[0],\""1\"":[0,2],\""2\"":[2,2,0]},\""\""]}"",""{\""action\"":\""submit\"",\""params\"":[{\""0\"":[0],\""1\"":[2,2],\""2\"":[2,2,0]},\""\""]}"",""{\""action\"":\""submit\"",\""params\"":[{\""0\"":[0],\""1\"":[2,0],\""2\"":[2,2,0]},\""\""]}"",""{\""action\"":\""submit\"",\""params\"":[{\""0\"":[0],\""1\"":[2,0],\""2\"":[2,0,2]},\""\""]}"",""{\""action\"":\""submit\"",\""params\"":[{\""0\"":[0],\""1\"":[2,0],\""2\"":[2,2,0]},\""\""]}"",""{\""action\"":\""submit\"",\""params\"":[{\""0\"":[0],\""1\"":[0,2],\""2\"":[2,2,0]},\""\""]}"",""{\""action\"":\""submit\"",\""params\"":[{\""0\"":[0],\""1\"":[0,2],\""2\"":[2,2,0]},\""\""]}"",""{\""action\"":\""submit\"",\""params\"":[{\""0\"":[0],\""1\"":[0,2],\""2\"":[2,2,0]},\""\""]}"",""{\""action\"":\""submit\"",\""params\"":[{\""0\"":[2],\""1\"":[2,2],\""2\"":[2,2,2]},\""\""]}""]","{""0"":{""0"":""strongly disagree"",""1"":""strongly disagree"",""2"":""strongly agree"",""3"":""agree"",""4"":""strongly disagree"",""5"":""strongly agree"",""6"":""agree"",""7"":""disagree"",""8"":""strongly agree"",""9"":""strongly agree"",""10"":""strongly agree"",""11"":""disagree"",""12"":""strongly disagree"",""13"":""disagree"",""14"":""disagree"",""15"":""disagree"",""16"":""disagree"",""17"":""disagree"",""18"":""strongly disagree"",""19"":""strongly disagree""},""1"":{""0"":""9"",""1"":""5"",""2"":""4"",""3"":""9"",""4"":""9"",""5"":""1""}}","[""high"",""med"",""low""]","hsFIB3C8Gb","type-0"
"A2HGAQ9WOEU9PN","[""{\""action\"":\""submit\"",\""params\"":[{\""0\"":[0],\""1\"":[0,0],\""2\"":[0,2,2]},null]}"",""{\""action\"":\""submit\"",\""params\"":[{\""0\"":[2],\""1\"":[2,2],\""2\"":[2,0,0]},\""\""]}"",""{\""action\"":\""submit\"",\""params\"":[{\""0\"":[2],\""1\"":[2,2],\""2\"":[2,0,0]},\""\""]}"",""{\""action\"":\""submit\"",\""params\"":[{\""0\"":[2],\""1\"":[2,2],\""2\"":[2,0,0]},\""\""]}"",""{\""action\"":\""submit\"",\""params\"":[{\""0\"":[0],\""1\"":[2,0],\""2\"":[2,2,0]},\""\""]}"",""{\""action\"":\""submit\"",\""params\"":[{\""0\"":[2],\""1\"":[2,2],\""2\"":[2,0,0]},\""\""]}""]","{""0"":{""0"":""agree"",""1"":""agree"",""2"":""agree"",""3"":""agree"",""4"":""disagree"",""5"":""agree"",""6"":""disagree"",""7"":""disagree"",""8"":""strongly agree"",""9"":""strongly agree"",""10"":""disagree"",""11"":""strongly disagree"",""12"":""neutral"",""13"":""disagree"",""14"":""agree"",""15"":""strongly agree"",""16"":""disagree"",""17"":""agree"",""18"":""agree"",""19"":""strongly disagree""},""1"":{""0"":""5"",""1"":""5"",""2"":""4"",""3"":""9"",""4"":""9"",""5"":""1""}}","[""high"",""med"",""low""]","IYGsYunS6a","type-0"
"A1TW59QJUPWIN6","[""{\""action\"":\""submit\"",\""params\"":[{\""0\"":[0],\""1\"":[0,2],\""2\"":[2,2,2]},null]}"",""{\""action\"":\""submit\"",\""params\"":[{\""0\"":[2],\""1\"":[0,2],\""2\"":[2,2,0]},\""\""]}"",""{\""action\"":\""submit\"",\""params\"":[{\""0\"":[2],\""1\"":[0,0],\""2\"":[2,2,0]},\""\""]}"",""{\""action\"":\""submit\"",\""params\"":[{\""0\"":[0],\""1\"":[0,0],\""2\"":[2,2,2]},\""\""]}"",""{\""action\"":\""submit\"",\""params\"":[{\""0\"":[0],\""1\"":[2,0],\""2\"":[0,2,2]},\""\""]}"",""{\""action\"":\""submit\"",\""params\"":[{\""0\"":[0],\""1\"":[2,0],\""2\"":[2,2,0]},\""\""]}"",""{\""action\"":\""submit\"",\""params\"":[{\""0\"":[0],\""1\"":[0,2],\""2\"":[2,2,0]},\""\""]}"",""{\""action\"":\""submit\"",\""params\"":[{\""0\"":[0],\""1\"":[0,2],\""2\"":[2,2,0]},\""\""]}"",""{\""action\"":\""submit\"",\""params\"":[{\""0\"":[0],\""1\"":[0,2],\""2\"":[2,2,0]},\""\""]}"",""{\""action\"":\""submit\"",\""params\"":[{\""0\"":[0],\""1\"":[0,2],\""2\"":[2,2,0]},\""\""]}""]","{""0"":{""0"":""agree"",""1"":""agree"",""2"":""agree"",""3"":""agree"",""4"":""neutral"",""5"":""agree"",""6"":""neutral"",""7"":""neutral"",""8"":""agree"",""9"":""agree"",""10"":""agree"",""11"":""neutral"",""12"":""agree"",""13"":""agree"",""14"":""agree"",""15"":""agree"",""16"":""neutral"",""17"":""disagree"",""18"":""strongly disagree"",""19"":""agree""},""1"":{""0"":""7"",""1"":""4"",""2"":""5"",""3"":""3"",""4"":""8"",""5"":""4""}}","[""high"",""med"",""low""]","QAbR128ATy","type-0"
"A2VDDES6LFZOFW","*","*","*","*","*"
"AQL960O0LTRI8","[""{\""action\"":\""submit\"",\""params\"":[{\""0\"":[0],\""1\"":[0,0],\""2\"":[2,2,0]},null]}"",""{\""action\"":\""submit\"",\""params\"":[{\""0\"":[2],\""1\"":[2,2],\""2\"":[0,0,2]},\""\""]}"",""{\""action\"":\""submit\"",\""params\"":[{\""0\"":[0],\""1\"":[0,0],\""2\"":[2,2,0]},\""\""]}"",""{\""action\"":\""submit\"",\""params\"":[{\""0\"":[0],\""1\"":[2,2],\""2\"":[2,0,0]},\""\""]}"",""{\""action\"":\""submit\"",\""params\"":[{\""0\"":[0],\""1\"":[2,2],\""2\"":[2,0,0]},\""\""]}"",""{\""action\"":\""submit\"",\""params\"":[{\""0\"":[0],\""1\"":[0,0],\""2\"":[2,2,0]},\""\""]}""]","{""0"":{""0"":""agree"",""1"":""agree"",""2"":""neutral"",""3"":""agree"",""4"":""disagree"",""5"":""neutral"",""6"":""neutral"",""7"":""disagree"",""8"":""agree"",""9"":""agree"",""10"":""neutral"",""11"":""disagree"",""12"":""disagree"",""13"":""neutral"",""14"":""neutral"",""15"":""agree"",""16"":""disagree"",""17"":""agree"",""18"":""agree"",""19"":""neutral""},""1"":{""0"":""1"",""1"":""4"",""2"":""5"",""3"":""9"",""4"":""9"",""5"":""1""}}","[""high"",""med"",""low""]","s4TeHjPHz5","type-0"
"AYRWBQRHMUWWQ","[""{\""action\"":\""submit\"",\""params\"":[{\""0\"":[0],\""1\"":[0,2],\""2\"":[0,2,2]},null]}"",""{\""action\"":\""submit\"",\""params\"":[{\""0\"":[0],\""1\"":[0,2],\""2\"":[2,2,0]},\""\""]}"",""{\""action\"":\""submit\"",\""params\"":[{\""0\"":[2],\""1\"":[0,0],\""2\"":[2,2,0]},\""\""]}"",""{\""action\"":\""submit\"",\""params\"":[{\""0\"":[2],\""1\"":[0,2],\""2\"":[2,0,0]},\""\""]}"",""{\""action\"":\""submit\"",\""params\"":[{\""0\"":[2],\""1\"":[2,0],\""2\"":[2,0,0]},\""\""]}"",""{\""action\"":\""submit\"",\""params\"":[{\""0\"":[0],\""1\"":[2,2],\""2\"":[2,0,0]},\""\""]}""]","{""0"":{""0"":""neutral"",""1"":""disagree"",""2"":""disagree"",""3"":""agree"",""4"":""disagree"",""5"":""agree"",""6"":""disagree"",""7"":""disagree"",""8"":""agree"",""9"":""agree"",""10"":""neutral"",""11"":""disagree"",""12"":""disagree"",""13"":""neutral"",""14"":""neutral"",""15"":""agree"",""16"":""disagree"",""17"":""disagree"",""18"":""neutral"",""19"":""neutral""},""1"":{""0"":""9"",""1"":""5"",""2"":""5"",""3"":""9"",""4"":""8"",""5"":""1""}}","[""high"",""med"",""low""]","ntJ6bhnZlI","type-0"
"A2581F7TDPAMBQ","[""{\""action\"":\""submit\"",\""params\"":[{\""0\"":[0],\""1\"":[0,0],\""2\"":[2,2,2]},null]}"",""{\""action\"":\""submit\"",\""params\"":[{\""0\"":[2],\""1\"":[0,2],\""2\"":[2,2,0]},\""\""]}"",""{\""action\"":\""submit\"",\""params\"":[{\""0\"":[0],\""1\"":[2,2],\""2\"":[0,2,2]},\""\""]}"",""{\""action\"":\""submit\"",\""params\"":[{\""0\"":[2],\""1\"":[0,0],\""2\"":[2,2,0]},\""\""]}"",""{\""action\"":\""submit\"",\""params\"":[{\""0\"":[0],\""1\"":[2,0],\""2\"":[2,2,0]},\""\""]}"",""{\""action\"":\""accept\"",\""params\"":[]}""]","{""0"":{""0"":""disagree"",""1"":""disagree"",""2"":""strongly agree"",""3"":""disagree"",""4"":""disagree"",""5"":""strongly agree"",""6"":""strongly agree"",""7"":""disagree"",""8"":""strongly agree"",""9"":""neutral"",""10"":""neutral"",""11"":""strongly agree"",""12"":""neutral"",""13"":""neutral"",""14"":""disagree"",""15"":""agree"",""16"":""strongly disagree"",""17"":""neutral"",""18"":""strongly agree"",""19"":""disagree""},""1"":{""0"":""6"",""1"":""5"",""2"":""5"",""3"":""9"",""4"":""9"",""5"":""1""}}","[""high"",""med"",""low""]","lA1YsgtYQZ","type-0"
"A1EM4ICHZ46KGN","[""{\""action\"":\""submit\"",\""params\"":[{\""0\"":[2],\""1\"":[2,0],\""2\"":[2,0,0]},null]}"",""{\""action\"":\""submit\"",\""params\"":[{\""0\"":[2],\""1\"":[0,2],\""2\"":[2,0,0]},\""\""]}"",""{\""action\"":\""submit\"",\""params\"":[{\""0\"":[2],\""1\"":[2,0],\""2\"":[2,0,0]},\""\""]}"",""{\""action\"":\""accept\"",\""params\"":[]}""]","{""0"":{""0"":""strongly disagree"",""1"":""disagree"",""2"":""disagree"",""3"":""neutral"",""4"":""strongly disagree"",""5"":""neutral"",""6"":""neutral"",""7"":""disagree"",""8"":""agree"",""9"":""disagree"",""10"":""neutral"",""11"":""disagree"",""12"":""disagree"",""13"":""agree"",""14"":""agree"",""15"":""disagree"",""16"":""neutral"",""17"":""agree"",""18"":""agree"",""19"":""disagree""},""1"":{""0"":""9"",""1"":""5"",""2"":""4"",""3"":""9"",""4"":""9"",""5"":""1""}}","[""high"",""med"",""low""]","y9lr4ZNx68","type-0"
"A2BNOEYZ3VRW2R","[""{\""action\"":\""submit\"",\""params\"":[{\""0\"":[0],\""1\"":[0,0],\""2\"":[2,2,2]},null]}"",""{\""action\"":\""submit\"",\""params\"":[{\""0\"":[0],\""1\"":[0,2],\""2\"":[2,2,0]},\""\""]}"",""{\""action\"":\""submit\"",\""params\"":[{\""0\"":[0],\""1\"":[2,2],\""2\"":[2,0,0]},\""\""]}"",""{\""action\"":\""submit\"",\""params\"":[{\""0\"":[0],\""1\"":[0,2],\""2\"":[2,0,0]},\""\""]}"",""{\""action\"":\""submit\"",\""params\"":[{\""0\"":[0],\""1\"":[0,0],\""2\"":[2,2,0]},\""\""]}"",""{\""action\"":\""accept\"",\""params\"":[]}""]","{""0"":{""0"":""disagree"",""1"":""disagree"",""2"":""neutral"",""3"":""agree"",""4"":""disagree"",""5"":""disagree"",""6"":""disagree"",""7"":""disagree"",""8"":""agree"",""9"":""agree"",""10"":""disagree"",""11"":""disagree"",""12"":""disagree"",""13"":""disagree"",""14"":""neutral"",""15"":""strongly disagree"",""16"":""disagree"",""17"":""agree"",""18"":""strongly agree"",""19"":""strongly disagree""},""1"":{""0"":""1"",""1"":""1"",""2"":""9"",""3"":""9"",""4"":""9"",""5"":""9""}}","[""high"",""med"",""low""]","43hn6m8qQe","type-0"
"A3FJE9AUW0O41D","[""{\""action\"":\""submit\"",\""params\"":[{\""0\"":[0],\""1\"":[0,0],\""2\"":[2,2,2]},null]}"",""{\""action\"":\""submit\"",\""params\"":[{\""0\"":[0],\""1\"":[0,2],\""2\"":[2,2,0]},\""\""]}"",""{\""action\"":\""submit\"",\""params\"":[{\""0\"":[2],\""1\"":[0,0],\""2\"":[2,2,0]},\""\""]}"",""{\""action\"":\""submit\"",\""params\"":[{\""0\"":[0],\""1\"":[0,0],\""2\"":[2,2,0]},\""\""]}"",""{\""action\"":\""submit\"",\""params\"":[{\""0\"":[0],\""1\"":[2,2],\""2\"":[2,0,0]},\""\""]}"",""{\""action\"":\""accept\"",\""params\"":[]}""]","{""0"":{""0"":""disagree"",""1"":""strongly disagree"",""2"":""neutral"",""3"":""agree"",""4"":""disagree"",""5"":""disagree"",""6"":""strongly disagree"",""7"":""agree"",""8"":""strongly agree"",""9"":""strongly agree"",""10"":""disagree"",""11"":""neutral"",""12"":""neutral"",""13"":""disagree"",""14"":""strongly disagree"",""15"":""disagree"",""16"":""strongly disagree"",""17"":""agree"",""18"":""strongly agree"",""19"":""disagree""},""1"":{""0"":""9"",""1"":""5"",""2"":""1"",""3"":""9"",""4"":""9"",""5"":""1""}}","[""high"",""med"",""low""]","O9e7H94N8S","type-0"
"52.23.226.132:3000","[""{\""action\"":\""submit\"",\""params\"":[{\""0\"":[0],\""1\"":[2,0],\""2\"":[2,2,2]},null]}"",""{\""action\"":\""submit\"",\""params\"":[{\""0\"":[0],\""1\"":[0,2],\""2\"":[2,2,0]},\""\""]}"",""{\""action\"":\""submit\"",\""params\"":[{\""0\"":[0],\""1\"":[0,0],\""2\"":[2,2,2]},\""\""]}"",""{\""action\"":\""submit\"",\""params\"":[{\""0\"":[0],\""1\"":[0,2],\""2\"":[2,2,0]},\""\""]}"",""{\""action\"":\""submit\"",\""params\"":[{\""0\"":[0],\""1\"":[0,0],\""2\"":[2,2,2]},\""\""]}"",""{\""action\"":\""submit\"",\""params\"":[{\""0\"":[2],\""1\"":[2,0],\""2\"":[2,2,0]},\""\""]}"",""{\""action\"":\""accept\"",\""params\"":[]}""]","{""0"":{""0"":""strongly agree"",""1"":""strongly agree"",""2"":""disagree"",""3"":""strongly disagree"",""4"":""strongly agree"",""5"":""disagree"",""6"":""disagree"",""7"":""strongly agree"",""8"":""disagree"",""9"":""strongly disagree"",""10"":""strongly disagree"",""11"":""strongly agree"",""12"":""strongly agree"",""13"":""disagree"",""14"":""strongly agree"",""15"":""disagree"",""16"":""strongly disagree"",""17"":""strongly agree"",""18"":""strongly agree"",""19"":""strongly agree""},""1"":{""0"":""9"",""1"":""2"",""2"":""8"",""3"":""9"",""4"":""9"",""5"":""1""}}","[""high"",""med"",""low""]","TVpYlUU0U2","type-0"
"AQ2INPVVXR1G0","*","*","*","*","*"
"ARLGZWN6W91WD","[""{\""action\"":\""submit\"",\""params\"":[{\""0\"":[0],\""1\"":[0,2],\""2\"":[2,2,0]},null]}"",""{\""action\"":\""submit\"",\""params\"":[{\""0\"":[0],\""1\"":[0,2],\""2\"":[2,2,0]},\""\""]}"",""{\""action\"":\""submit\"",\""params\"":[{\""0\"":[0],\""1\"":[0,0],\""2\"":[2,2,2]},\""\""]}"",""{\""action\"":\""submit\"",\""params\"":[{\""0\"":[2],\""1\"":[0,0],\""2\"":[2,2,0]},\""\""]}"",""{\""action\"":\""submit\"",\""params\"":[{\""0\"":[0],\""1\"":[0,0],\""2\"":[2,2,0]},\""\""]}"",""{\""action\"":\""submit\"",\""params\"":[{\""0\"":[2],\""1\"":[0,0],\""2\"":[2,2,0]},\""\""]}"",""{\""action\"":\""accept\"",\""params\"":[]}""]","{""0"":{""0"":""neutral"",""1"":""disagree"",""2"":""disagree"",""3"":""neutral"",""4"":""agree"",""5"":""disagree"",""6"":""disagree"",""7"":""disagree"",""8"":""neutral"",""9"":""neutral"",""10"":""neutral"",""11"":""disagree"",""12"":""strongly disagree"",""13"":""neutral"",""14"":""disagree"",""15"":""agree"",""16"":""disagree"",""17"":""disagree"",""18"":""strongly agree"",""19"":""strongly disagree""},""1"":{""0"":""1"",""1"":""1"",""2"":""9"",""3"":""9"",""4"":""9"",""5"":""1""}}","[""high"",""med"",""low""]","4Gmk1dqIBH","type-0"
"A3PDTUA1YLJTMC","[""{\""action\"":\""submit\"",\""params\"":[{\""0\"":[0],\""1\"":[0,0],\""2\"":[2,2,2]},null]}"",""{\""action\"":\""submit\"",\""params\"":[{\""0\"":[0],\""1\"":[2,0],\""2\"":[2,2,0]},\""\""]}"",""{\""action\"":\""submit\"",\""params\"":[{\""0\"":[0],\""1\"":[0,0],\""2\"":[2,2,2]},\""\""]}"",""{\""action\"":\""submit\"",\""params\"":[{\""0\"":[0],\""1\"":[0,0],\""2\"":[2,2,0]},\""\""]}"",""{\""action\"":\""submit\"",\""params\"":[{\""0\"":[0],\""1\"":[2,0],\""2\"":[2,2,0]},\""\""]}"",""{\""action\"":\""submit\"",\""params\"":[{\""0\"":[0],\""1\"":[0,0],\""2\"":[2,2,2]},\""\""]}"",""{\""action\"":\""accept\"",\""params\"":[]}""]","{""0"":{""0"":""agree"",""1"":""agree"",""2"":""neutral"",""3"":""disagree"",""4"":""agree"",""5"":""agree"",""6"":""neutral"",""7"":""disagree"",""8"":""agree"",""9"":""agree"",""10"":""disagree"",""11"":""neutral"",""12"":""disagree"",""13"":""agree"",""14"":""agree"",""15"":""agree"",""16"":""disagree"",""17"":""agree"",""18"":""neutral"",""19"":""agree""},""1"":{""0"":""1"",""1"":""1"",""2"":""5"",""3"":""9"",""4"":""9"",""5"":""1""}}","[""high"",""med"",""low""]","JvXlNbVS6l","type-0"
"A64JDJKE9DYCT","[""{\""action\"":\""submit\"",\""params\"":[{\""0\"":[0],\""1\"":[0,0],\""2\"":[2,2,2]},null]}"",""{\""action\"":\""submit\"",\""params\"":[{\""0\"":[0],\""1\"":[0,0],\""2\"":[0,2,2]},\""\""]}"",""{\""action\"":\""submit\"",\""params\"":[{\""0\"":[2],\""1\"":[2,2],\""2\"":[2,0,0]},\""\""]}"",""{\""action\"":\""submit\"",\""params\"":[{\""0\"":[0],\""1\"":[2,2],\""2\"":[2,0,0]},\""\""]}"",""{\""action\"":\""submit\"",\""params\"":[{\""0\"":[0],\""1\"":[2,2],\""2\"":[2,0,0]},\""\""]}"",""{\""action\"":\""submit\"",\""params\"":[{\""0\"":[2],\""1\"":[2,2],\""2\"":[2,0,0]},\""\""]}""]","{""0"":{""0"":""disagree"",""1"":""neutral"",""2"":""agree"",""3"":""disagree"",""4"":""agree"",""5"":""agree"",""6"":""disagree"",""7"":""agree"",""8"":""agree"",""9"":""agree"",""10"":""disagree"",""11"":""agree"",""12"":""disagree"",""13"":""strongly disagree"",""14"":""agree"",""15"":""disagree"",""16"":""neutral"",""17"":""agree"",""18"":""strongly agree"",""19"":""strongly disagree""},""1"":{""0"":""9"",""1"":""5"",""2"":""5"",""3"":""9"",""4"":""9"",""5"":""1""}}","[""high"",""med"",""low""]","aVjUJ1xCbP","type-0"
"AGBDM85RLYTGL","[""{\""action\"":\""submit\"",\""params\"":[{\""0\"":[0],\""1\"":[0,0],\""2\"":[2,2,2]},null]}"",""{\""action\"":\""submit\"",\""params\"":[{\""0\"":[0],\""1\"":[0,0],\""2\"":[0,0,0]},\""\""]}"",""{\""action\"":\""submit\"",\""params\"":[{\""0\"":[0],\""1\"":[0,0],\""2\"":[0,0,0]},\""\""]}"",""{\""action\"":\""submit\"",\""params\"":[{\""0\"":[0],\""1\"":[0,0],\""2\"":[2,2,2]},\""\""]}"",""{\""action\"":\""submit\"",\""params\"":[{\""0\"":[0],\""1\"":[0,0],\""2\"":[2,2,0]},\""\""]}"",""{\""action\"":\""submit\"",\""params\"":[{\""0\"":[2],\""1\"":[0,0],\""2\"":[2,2,0]},\""\""]}"",""{\""action\"":\""accept\"",\""params\"":[]}""]","{""0"":{""0"":""disagree"",""1"":""disagree"",""2"":""disagree"",""3"":""disagree"",""4"":""disagree"",""5"":""disagree"",""6"":""disagree"",""7"":""disagree"",""8"":""disagree"",""9"":""disagree"",""10"":""disagree"",""11"":""disagree"",""12"":""disagree"",""13"":""disagree"",""14"":""disagree"",""15"":""agree"",""16"":""disagree"",""17"":""disagree"",""18"":""agree"",""19"":""strongly disagree""},""1"":{""0"":""1"",""1"":""1"",""2"":""9"",""3"":""9"",""4"":""9"",""5"":""1""}}","[""high"",""med"",""low""]","q4hPPpp0HD","type-0"
"AEWGY34WUIA32","[""{\""action\"":\""submit\"",\""params\"":[{\""0\"":[0],\""1\"":[0,2],\""2\"":[2,2,0]},null]}"",""{\""action\"":\""submit\"",\""params\"":[{\""0\"":[0],\""1\"":[0,0],\""2\"":[2,2,0]},\""\""]}"",""{\""action\"":\""submit\"",\""params\"":[{\""0\"":[0],\""1\"":[0,0],\""2\"":[2,2,0]},\""\""]}"",""{\""action\"":\""submit\"",\""params\"":[{\""0\"":[2],\""1\"":[2,2],\""2\"":[2,0,0]},\""\""]}"",""{\""action\"":\""submit\"",\""params\"":[{\""0\"":[0],\""1\"":[0,0],\""2\"":[2,2,0]},\""\""]}"",""{\""action\"":\""submit\"",\""params\"":[{\""0\"":[2],\""1\"":[2,2],\""2\"":[2,0,0]},\""\""]}""]","{""0"":{""0"":""agree"",""1"":""agree"",""2"":""neutral"",""3"":""neutral"",""4"":""neutral"",""5"":""neutral"",""6"":""disagree"",""7"":""agree"",""8"":""agree"",""9"":""agree"",""10"":""neutral"",""11"":""agree"",""12"":""neutral"",""13"":""neutral"",""14"":""agree"",""15"":""agree"",""16"":""disagree"",""17"":""agree"",""18"":""agree"",""19"":""neutral""},""1"":{""0"":""1"",""1"":""1"",""2"":""9"",""3"":""9"",""4"":""9"",""5"":""1""}}","[""high"",""med"",""low""]","DitS0pMDuL","type-0"
"A2YJQUHFIXNOY0","[""{\""action\"":\""submit\"",\""params\"":[{\""0\"":[0],\""1\"":[0,2],\""2\"":[2,2,0]},null]}"",""{\""action\"":\""submit\"",\""params\"":[{\""0\"":[0],\""1\"":[2,2],\""2\"":[2,0,0]},\""\""]}"",""{\""action\"":\""submit\"",\""params\"":[{\""0\"":[2],\""1\"":[2,2],\""2\"":[2,0,0]},\""\""]}"",""{\""action\"":\""submit\"",\""params\"":[{\""0\"":[2],\""1\"":[0,0],\""2\"":[2,2,0]},\""\""]}"",""{\""action\"":\""submit\"",\""params\"":[{\""0\"":[2],\""1\"":[2,0],\""2\"":[2,0,0]},\""\""]}""]","{""0"":{""0"":""strongly disagree"",""1"":""disagree"",""2"":""agree"",""3"":""agree"",""4"":""disagree"",""5"":""strongly agree"",""6"":""agree"",""7"":""disagree"",""8"":""strongly agree"",""9"":""strongly agree"",""10"":""neutral"",""11"":""disagree"",""12"":""disagree"",""13"":""agree"",""14"":""neutral"",""15"":""strongly agree"",""16"":""agree"",""17"":""agree"",""18"":""strongly agree"",""19"":""strongly disagree""},""1"":{""0"":""9"",""1"":""5"",""2"":""5"",""3"":""9"",""4"":""9"",""5"":""1""}}","[""high"",""med"",""low""]","Wmu7H1h7bO","type-0"
"A195MOXRMNHRVT","[""{\""action\"":\""submit\"",\""params\"":[{\""0\"":[0],\""1\"":[0,0],\""2\"":[2,2,2]},null]}"",""{\""action\"":\""submit\"",\""params\"":[{\""0\"":[0],\""1\"":[0,2],\""2\"":[2,2,0]},\""\""]}"",""{\""action\"":\""submit\"",\""params\"":[{\""0\"":[0],\""1\"":[0,0],\""2\"":[2,2,2]},\""\""]}"",""{\""action\"":\""submit\"",\""params\"":[{\""0\"":[2],\""1\"":[0,0],\""2\"":[2,2,0]},\""\""]}"",""{\""action\"":\""submit\"",\""params\"":[{\""0\"":[0],\""1\"":[2,0],\""2\"":[2,2,0]},\""\""]}"",""{\""action\"":\""submit\"",\""params\"":[{\""0\"":[2],\""1\"":[0,0],\""2\"":[2,2,0]},\""\""]}"",""{\""action\"":\""accept\"",\""params\"":[]}""]","{""0"":{""0"":""disagree"",""1"":""disagree"",""2"":""agree"",""3"":""neutral"",""4"":""neutral"",""5"":""disagree"",""6"":""neutral"",""7"":""neutral"",""8"":""strongly agree"",""9"":""agree"",""10"":""disagree"",""11"":""neutral"",""12"":""disagree"",""13"":""neutral"",""14"":""disagree"",""15"":""strongly disagree"",""16"":""neutral"",""17"":""neutral"",""18"":""agree"",""19"":""disagree""},""1"":{""0"":""1"",""1"":""1"",""2"":""9"",""3"":""9"",""4"":""9"",""5"":""1""}}","[""high"",""med"",""low""]","Y5oYv2M04y","type-0"
"A1VPBXKVCIJ404","[""{\""action\"":\""submit\"",\""params\"":[{\""0\"":[0],\""1\"":[2,2],\""2\"":[2,2,2]},null]}"",""{\""action\"":\""submit\"",\""params\"":[{\""0\"":[0],\""1\"":[0,2],\""2\"":[2,2,2]},\""\""]}"",""{\""action\"":\""submit\"",\""params\"":[{\""0\"":[0],\""1\"":[0,0],\""2\"":[2,2,2]},\""\""]}"",""{\""action\"":\""submit\"",\""params\"":[{\""0\"":[0],\""1\"":[0,2],\""2\"":[2,2,0]},\""\""]}"",""{\""action\"":\""submit\"",\""params\"":[{\""0\"":[2],\""1\"":[0,0],\""2\"":[2,0,2]},\""\""]}"",""{\""action\"":\""submit\"",\""params\"":[{\""0\"":[2],\""1\"":[0,0],\""2\"":[2,0,2]},\""\""]}"",""{\""action\"":\""submit\"",\""params\"":[{\""0\"":[0],\""1\"":[0,0],\""2\"":[2,2,2]},\""\""]}"",""{\""action\"":\""accept\"",\""params\"":[]}""]","{""0"":{""0"":""agree"",""1"":""agree"",""2"":""agree"",""3"":""agree"",""4"":""strongly disagree"",""5"":""disagree"",""6"":""disagree"",""7"":""agree"",""8"":""agree"",""9"":""agree"",""10"":""agree"",""11"":""agree"",""12"":""disagree"",""13"":""disagree"",""14"":""disagree"",""15"":""disagree"",""16"":""disagree"",""17"":""agree"",""18"":""agree"",""19"":""disagree""},""1"":{""0"":""9"",""1"":""5"",""2"":""5"",""3"":""9"",""4"":""9"",""5"":""1""}}","[""high"",""med"",""low""]","KQ8fvzqbMf","type-0"
"ASRPEZ6XUT13S","[""{\""action\"":\""submit\"",\""params\"":[{\""0\"":[2],\""1\"":[0,0],\""2\"":[2,2,0]},null]}"",""{\""action\"":\""submit\"",\""params\"":[{\""0\"":[0],\""1\"":[0,2],\""2\"":[2,2,0]},\""\""]}"",""{\""action\"":\""submit\"",\""params\"":[{\""0\"":[2],\""1\"":[0,0],\""2\"":[2,2,0]},\""\""]}"",""{\""action\"":\""submit\"",\""params\"":[{\""0\"":[2],\""1\"":[0,0],\""2\"":[2,2,0]},\""\""]}"",""{\""action\"":\""submit\"",\""params\"":[{\""0\"":[0],\""1\"":[2,0],\""2\"":[2,2,0]},\""\""]}"",""{\""action\"":\""submit\"",\""params\"":[{\""0\"":[0],\""1\"":[0,0],\""2\"":[2,2,0]},\""\""]}""]","{""0"":{""0"":""strongly disagree"",""1"":""strongly disagree"",""2"":""strongly disagree"",""3"":""agree"",""4"":""disagree"",""5"":""strongly agree"",""6"":""strongly agree"",""7"":""disagree"",""8"":""strongly agree"",""9"":""strongly agree"",""10"":""disagree"",""11"":""neutral"",""12"":""disagree"",""13"":""disagree"",""14"":""agree"",""15"":""strongly agree"",""16"":""strongly disagree"",""17"":""strongly disagree"",""18"":""agree"",""19"":""agree""},""1"":{""0"":""9"",""1"":""5"",""2"":""1"",""3"":""9"",""4"":""9"",""5"":""1""}}","[""high"",""med"",""low""]","Q3KUzuwYgl","type-0"
"ASV53ZC7ILJ7B","[""{\""action\"":\""submit\"",\""params\"":[{\""0\"":[0],\""1\"":[2,0],\""2\"":[2,2,0]},null]}"",""{\""action\"":\""submit\"",\""params\"":[{\""0\"":[2],\""1\"":[0,0],\""2\"":[2,2,0]},\""\""]}"",""{\""action\"":\""submit\"",\""params\"":[{\""0\"":[2],\""1\"":[0,0],\""2\"":[2,2,0]},\""\""]}"",""{\""action\"":\""submit\"",\""params\"":[{\""0\"":[0],\""1\"":[0,0],\""2\"":[2,2,0]},\""\""]}"",""{\""action\"":\""submit\"",\""params\"":[{\""0\"":[2],\""1\"":[0,0],\""2\"":[2,2,0]},\""\""]}"",""{\""action\"":\""submit\"",\""params\"":[{\""0\"":[2],\""1\"":[0,0],\""2\"":[2,2,0]},\""\""]}"",""{\""action\"":\""accept\"",\""params\"":[]}""]","{""0"":{""0"":""agree"",""1"":""agree"",""2"":""agree"",""3"":""agree"",""4"":""agree"",""5"":""disagree"",""6"":""strongly disagree"",""7"":""disagree"",""8"":""strongly agree"",""9"":""strongly agree"",""10"":""strongly agree"",""11"":""strongly agree"",""12"":""strongly agree"",""13"":""disagree"",""14"":""strongly agree"",""15"":""strongly agree"",""16"":""strongly disagree"",""17"":""disagree"",""18"":""strongly disagree"",""19"":""strongly disagree""},""1"":{""0"":""9"",""1"":""5"",""2"":""5"",""3"":""9"",""4"":""9"",""5"":""1""}}","[""high"",""med"",""low""]","RxNGnaOorC","type-0"
"gdgei","*","{""0"":{""0"":""disagree"",""1"":""disagree"",""2"":""disagree"",""3"":""disagree"",""4"":""disagree"",""5"":""disagree"",""6"":""disagree"",""7"":""disagree"",""8"":""disagree"",""9"":""strongly disagree"",""10"":""disagree"",""11"":""strongly disagree"",""12"":""disagree"",""13"":""disagree"",""14"":""strongly disagree"",""15"":""disagree"",""16"":""strongly disagree"",""17"":""disagree"",""18"":""strongly disagree"",""19"":""disagree""},""1"":{""0"":""3"",""1"":""3"",""2"":""3"",""3"":""3"",""4"":""3"",""5"":""4""}}","[""high"",""med"",""low""]","*","type-0"
"A1O299EPNHZ5O4","*","{""0"":{""0"":""strongly agree"",""1"":""strongly agree"",""2"":""strongly agree"",""3"":""disagree"",""4"":""disagree"",""5"":""strongly agree"",""6"":""disagree"",""7"":""disagree"",""8"":""strongly disagree"",""9"":""disagree"",""10"":""neutral"",""11"":""neutral"",""12"":""disagree"",""13"":""strongly agree"",""14"":""disagree"",""15"":""disagree"",""16"":""neutral"",""17"":""strongly agree"",""18"":""disagree"",""19"":""strongly agree""},""1"":{""0"":""1"",""1"":""1"",""2"":""9"",""3"":""9"",""4"":""9"",""5"":""1""}}","[""high"",""med"",""low""]","*","type-0"
"A1KFK92GEFQ9F5","*","{""0"":{""0"":""neutral"",""1"":""agree"",""2"":""agree"",""3"":""neutral"",""4"":""disagree"",""5"":""agree"",""6"":""agree"",""7"":""disagree"",""8"":""neutral"",""9"":""neutral"",""10"":""agree"",""11"":""neutral"",""12"":""agree"",""13"":""disagree"",""14"":""neutral"",""15"":""agree"",""16"":""agree"",""17"":""neutral"",""18"":""agree"",""19"":""disagree""},""1"":{""0"":""9"",""1"":""5"",""2"":""5"",""3"":""9"",""4"":""9"",""5"":""1""}}","*","*","type-0"
"A2HR7ZIX42FEPG","[""{\""action\"":\""submit\"",\""params\"":[{\""0\"":[0],\""1\"":[0,2],\""2\"":[0,2,2]},null]}"",""{\""action\"":\""submit\"",\""params\"":[{\""0\"":[2],\""1\"":[2,2],\""2\"":[2,0,0]},\""\""]}"",""{\""action\"":\""submit\"",\""params\"":[{\""0\"":[0],\""1\"":[2,0],\""2\"":[0,2,2]},\""\""]}"",""{\""action\"":\""submit\"",\""params\"":[{\""0\"":[2],\""1\"":[2,0],\""2\"":[2,0,0]},\""\""]}"",""{\""action\"":\""submit\"",\""params\"":[{\""0\"":[2],\""1\"":[2,0],\""2\"":[2,2,0]},\""\""]}"",""{\""action\"":\""accept\"",\""params\"":[]}""]","{""0"":{""0"":""agree"",""1"":""agree"",""2"":""agree"",""3"":""agree"",""4"":""agree"",""5"":""neutral"",""6"":""disagree"",""7"":""disagree"",""8"":""strongly agree"",""9"":""neutral"",""10"":""neutral"",""11"":""agree"",""12"":""disagree"",""13"":""neutral"",""14"":""neutral"",""15"":""agree"",""16"":""disagree"",""17"":""neutral"",""18"":""strongly agree"",""19"":""agree""},""1"":{""0"":""1"",""1"":""1"",""2"":""9"",""3"":""9"",""4"":""9"",""5"":""1""}}","[""high"",""med"",""low""]","Ww61Ai22Yt","type-0"
"A3MEXVF979S444","[""{\""action\"":\""submit\"",\""params\"":[{\""0\"":[0],\""1\"":[0,2],\""2\"":[0,2,2]},null]}"",""{\""action\"":\""submit\"",\""params\"":[{\""0\"":[0],\""1\"":[0,0],\""2\"":[2,2,0]},\""\""]}"",""{\""action\"":\""submit\"",\""params\"":[{\""0\"":[0],\""1\"":[0,0],\""2\"":[2,2,0]},\""\""]}"",""{\""action\"":\""submit\"",\""params\"":[{\""0\"":[0],\""1\"":[2,2],\""2\"":[2,0,0]},\""\""]}"",""{\""action\"":\""submit\"",\""params\"":[{\""0\"":[0],\""1\"":[2,2],\""2\"":[2,0,0]},\""\""]}"",""{\""action\"":\""submit\"",\""params\"":[{\""0\"":[0],\""1\"":[0,0],\""2\"":[2,2,0]},\""\""]}""]","{""0"":{""0"":""disagree"",""1"":""neutral"",""2"":""disagree"",""3"":""agree"",""4"":""agree"",""5"":""agree"",""6"":""strongly disagree"",""7"":""neutral"",""8"":""agree"",""9"":""neutral"",""10"":""strongly disagree"",""11"":""strongly disagree"",""12"":""disagree"",""13"":""neutral"",""14"":""agree"",""15"":""agree"",""16"":""disagree"",""17"":""neutral"",""18"":""strongly agree"",""19"":""disagree""},""1"":{""0"":""9"",""1"":""5"",""2"":""7"",""3"":""9"",""4"":""9"",""5"":""1""}}","[""high"",""med"",""low""]","qCECWHYYLY","type-0"
"A34FJBQDKVH8SR","[""{\""action\"":\""submit\"",\""params\"":[{\""0\"":[0],\""1\"":[2,2],\""2\"":[0,0,0]},null]}"",""{\""action\"":\""accept\"",\""params\"":[]}""]","{""0"":{""0"":""neutral"",""1"":""neutral"",""2"":""neutral"",""3"":""neutral"",""4"":""agree"",""5"":""agree"",""6"":""neutral"",""7"":""neutral"",""8"":""agree"",""9"":""neutral"",""10"":""neutral"",""11"":""agree"",""12"":""disagree"",""13"":""disagree"",""14"":""neutral"",""15"":""agree"",""16"":""disagree"",""17"":""disagree"",""18"":""agree"",""19"":""strongly disagree""},""1"":{""0"":""1"",""1"":""1"",""2"":""9"",""3"":""9"",""4"":""9"",""5"":""1""}}","[""high"",""med"",""low""]","N6pGu5qjyA","type-0"
"A26XN1TM6CV01T","[""{\""action\"":\""submit\"",\""params\"":[{\""0\"":[0],\""1\"":[0,2],\""2\"":[2,2,2]},null]}"",""{\""action\"":\""submit\"",\""params\"":[{\""0\"":[0],\""1\"":[0,2],\""2\"":[2,2,0]},\""\""]}"",""{\""action\"":\""submit\"",\""params\"":[{\""0\"":[0],\""1\"":[0,0],\""2\"":[2,2,2]},\""\""]}"",""{\""action\"":\""submit\"",\""params\"":[{\""0\"":[0],\""1\"":[0,0],\""2\"":[2,2,0]},\""\""]}"",""{\""action\"":\""submit\"",\""params\"":[{\""0\"":[0],\""1\"":[2,2],\""2\"":[2,0,0]},\""\""]}"",""{\""action\"":\""accept\"",\""params\"":[]}""]","{""0"":{""0"":""strongly disagree"",""1"":""strongly disagree"",""2"":""agree"",""3"":""agree"",""4"":""disagree"",""5"":""agree"",""6"":""agree"",""7"":""disagree"",""8"":""strongly agree"",""9"":""strongly agree"",""10"":""disagree"",""11"":""disagree"",""12"":""disagree"",""13"":""disagree"",""14"":""disagree"",""15"":""disagree"",""16"":""disagree"",""17"":""disagree"",""18"":""strongly disagree"",""19"":""disagree""},""1"":{""0"":""9"",""1"":""5"",""2"":""5"",""3"":""9"",""4"":""9"",""5"":""1""}}","[""high"",""med"",""low""]","udUKnjvzp8","type-0"
"A147F5PJTHOB8A","[""{\""action\"":\""submit\"",\""params\"":[{\""0\"":[0],\""1\"":[0,0],\""2\"":[0,0,0]},null]}""]","{""0"":{""0"":""strongly disagree"",""1"":""strongly disagree"",""2"":""strongly disagree"",""3"":""agree"",""4"":""neutral"",""5"":""strongly agree"",""6"":""strongly agree"",""7"":""strongly disagree"",""8"":""strongly agree"",""9"":""agree"",""10"":""neutral"",""11"":""disagree"",""12"":""strongly disagree"",""13"":""agree"",""14"":""disagree"",""15"":""strongly agree"",""16"":""agree"",""17"":""neutral"",""18"":""strongly agree"",""19"":""strongly disagree""},""1"":{""0"":""9"",""1"":""5"",""2"":""4"",""3"":""9"",""4"":""9"",""5"":""1""}}","[""high"",""med"",""low""]","4to4nuVx22","type-0"
"AYFAOYFBISRF3","[""{\""action\"":\""submit\"",\""params\"":[{\""0\"":[0],\""1\"":[0,0],\""2\"":[0,0,0]},null]}"",""{\""action\"":\""submit\"",\""params\"":[{\""0\"":[0],\""1\"":[0,0],\""2\"":[2,2,2]},\""\""]}"",""{\""action\"":\""submit\"",\""params\"":[{\""0\"":[0],\""1\"":[0,2],\""2\"":[2,2,0]},\""\""]}"",""{\""action\"":\""submit\"",\""params\"":[{\""0\"":[0],\""1\"":[0,0],\""2\"":[2,2,0]},\""\""]}"",""{\""action\"":\""submit\"",\""params\"":[{\""0\"":[0],\""1\"":[0,0],\""2\"":[2,2,0]},\""\""]}"",""{\""action\"":\""submit\"",\""params\"":[{\""0\"":[0],\""1\"":[2,0],\""2\"":[2,2,0]},\""\""]}"",""{\""action\"":\""accept\"",\""params\"":[]}""]","{""0"":{""0"":""disagree"",""1"":""disagree"",""2"":""agree"",""3"":""agree"",""4"":""neutral"",""5"":""agree"",""6"":""agree"",""7"":""disagree"",""8"":""strongly agree"",""9"":""agree"",""10"":""disagree"",""11"":""disagree"",""12"":""strongly disagree"",""13"":""neutral"",""14"":""neutral"",""15"":""agree"",""16"":""strongly disagree"",""17"":""disagree"",""18"":""disagree"",""19"":""strongly disagree""},""1"":{""0"":""9"",""1"":""2"",""2"":""6"",""3"":""9"",""4"":""9"",""5"":""1""}}","[""high"",""med"",""low""]","rveodDTy7b","type-0"
"A2E3SM3T01ENIR","*","{""0"":{""0"":""agree"",""1"":""agree"",""2"":""strongly agree"",""3"":""disagree"",""4"":""agree"",""5"":""strongly disagree"",""6"":""strongly disagree"",""7"":""neutral"",""8"":""agree"",""9"":""disagree"",""10"":""strongly disagree"",""11"":""strongly agree"",""12"":""agree"",""13"":""strongly disagree"",""14"":""agree"",""15"":""strongly disagree"",""16"":""strongly agree"",""17"":""strongly agree"",""18"":""strongly agree"",""19"":""strongly disagree""},""1"":{""0"":""1"",""1"":""1"",""2"":""9"",""3"":""9"",""4"":""9"",""5"":""1""}}","[""high"",""med"",""low""]","*","type-0"
"A1HWTTN3JEUNZY","[""{\""action\"":\""submit\"",\""params\"":[{\""0\"":[2],\""1\"":[0,2],\""2\"":[2,0,0]},null]}"",""{\""action\"":\""submit\"",\""params\"":[{\""0\"":[2],\""1\"":[0,2],\""2\"":[2,0,0]},\""\""]}"",""{\""action\"":\""accept\"",\""params\"":[]}""]","{""0"":{""0"":""neutral"",""1"":""neutral"",""2"":""neutral"",""3"":""agree"",""4"":""strongly agree"",""5"":""neutral"",""6"":""disagree"",""7"":""disagree"",""8"":""agree"",""9"":""neutral"",""10"":""disagree"",""11"":""agree"",""12"":""agree"",""13"":""neutral"",""14"":""neutral"",""15"":""neutral"",""16"":""disagree"",""17"":""agree"",""18"":""agree"",""19"":""disagree""},""1"":{""0"":""9"",""1"":""5"",""2"":""5"",""3"":""9"",""4"":""9"",""5"":""1""}}","[""high"",""med"",""low""]","EBjvSXHnwK","type-0"
"A20HITED8LB7O5","[""{\""action\"":\""submit\"",\""params\"":[{\""0\"":[0],\""1\"":[0,0],\""2\"":[2,2,2]},null]}"",""{\""action\"":\""submit\"",\""params\"":[{\""0\"":[0],\""1\"":[0,0],\""2\"":[2,2,2]},\""\""]}"",""{\""action\"":\""submit\"",\""params\"":[{\""0\"":[0],\""1\"":[0,0],\""2\"":[0,2,2]},\""\""]}"",""{\""action\"":\""submit\"",\""params\"":[{\""0\"":[2],\""1\"":[0,2],\""2\"":[2,0,0]},\""\""]}"",""{\""action\"":\""submit\"",\""params\"":[{\""0\"":[0],\""1\"":[2,0],\""2\"":[2,2,0]},\""\""]}"",""{\""action\"":\""accept\"",\""params\"":[]}""]","{""0"":{""0"":""agree"",""1"":""disagree"",""2"":""neutral"",""3"":""neutral"",""4"":""disagree"",""5"":""neutral"",""6"":""disagree"",""7"":""strongly disagree"",""8"":""agree"",""9"":""agree"",""10"":""disagree"",""11"":""disagree"",""12"":""agree"",""13"":""neutral"",""14"":""strongly agree"",""15"":""agree"",""16"":""disagree"",""17"":""neutral"",""18"":""neutral"",""19"":""strongly disagree""},""1"":{""0"":""9"",""1"":""4"",""2"":""5"",""3"":""9"",""4"":""9"",""5"":""1""}}","[""high"",""med"",""low""]","m16LZ5Dszv","type-0"
"A2389DERMNF3ZB","[""{\""action\"":\""submit\"",\""params\"":[{\""0\"":[0],\""1\"":[0,0],\""2\"":[0,0,0]},null]}""]","{""0"":{""0"":""disagree"",""1"":""agree"",""2"":""disagree"",""3"":""agree"",""4"":""disagree"",""5"":""disagree"",""6"":""strongly disagree"",""7"":""agree"",""8"":""agree"",""9"":""neutral"",""10"":""disagree"",""11"":""disagree"",""12"":""disagree"",""13"":""neutral"",""14"":""agree"",""15"":""neutral"",""16"":""neutral"",""17"":""disagree"",""18"":""disagree"",""19"":""strongly disagree""},""1"":{""0"":""1"",""1"":""1"",""2"":""9"",""3"":""9"",""4"":""9"",""5"":""9""}}","[""high"",""med"",""low""]","4f5CmrAaDE","type-0"
"A1EQ2HDHF2WWSY","[""{\""action\"":\""submit\"",\""params\"":[{\""0\"":[0],\""1\"":[0,0],\""2\"":[0,0,0]},null]}"",""{\""action\"":\""submit\"",\""params\"":[{\""0\"":[0],\""1\"":[0,2],\""2\"":[2,2,0]},\""\""]}"",""{\""action\"":\""submit\"",\""params\"":[{\""0\"":[0],\""1\"":[0,0],\""2\"":[2,2,0]},\""\""]}"",""{\""action\"":\""submit\"",\""params\"":[{\""0\"":[2],\""1\"":[2,0],\""2\"":[2,0,0]},\""\""]}"",""{\""action\"":\""accept\"",\""params\"":[]}""]","{""0"":{""0"":""disagree"",""1"":""neutral"",""2"":""agree"",""3"":""agree"",""4"":""strongly disagree"",""5"":""agree"",""6"":""agree"",""7"":""strongly disagree"",""8"":""strongly agree"",""9"":""agree"",""10"":""neutral"",""11"":""disagree"",""12"":""strongly disagree"",""13"":""neutral"",""14"":""disagree"",""15"":""agree"",""16"":""agree"",""17"":""disagree"",""18"":""strongly agree"",""19"":""disagree""},""1"":{""0"":""9"",""1"":""5"",""2"":""2"",""3"":""9"",""4"":""9"",""5"":""1""}}","[""high"",""med"",""low""]","xFw4q6ZxzZ","type-0"
"A9BRH899F1PW7","[""{\""action\"":\""submit\"",\""params\"":[{\""0\"":[0],\""1\"":[0,0],\""2\"":[0,0,0]},null]}"",""{\""action\"":\""submit\"",\""params\"":[{\""0\"":[0],\""1\"":[0,2],\""2\"":[2,2,0]},\""\""]}"",""{\""action\"":\""submit\"",\""params\"":[{\""0\"":[0],\""1\"":[0,2],\""2\"":[0,0,2]},\""\""]}"",""{\""action\"":\""submit\"",\""params\"":[{\""0\"":[0],\""1\"":[0,0],\""2\"":[2,0,2]},\""\""]}"",""{\""action\"":\""accept\"",\""params\"":[]}""]","{""0"":{""0"":""strongly disagree"",""1"":""disagree"",""2"":""strongly agree"",""3"":""strongly agree"",""4"":""strongly disagree"",""5"":""agree"",""6"":""disagree"",""7"":""strongly disagree"",""8"":""strongly agree"",""9"":""neutral"",""10"":""strongly agree"",""11"":""disagree"",""12"":""neutral"",""13"":""neutral"",""14"":""disagree"",""15"":""agree"",""16"":""neutral"",""17"":""disagree"",""18"":""agree"",""19"":""disagree""},""1"":{""0"":""9"",""1"":""5"",""2"":""5"",""3"":""9"",""4"":""9"",""5"":""1""}}","[""high"",""med"",""low""]","mYp188aOxr","type-0"
"A14D297BQB6QF3","*","*","*","*","*"
"APGSB0953HB10","[""{\""action\"":\""submit\"",\""params\"":[{\""0\"":[2],\""1\"":[2,0],\""2\"":[2,2,0]},null]}"",""{\""action\"":\""submit\"",\""params\"":[{\""0\"":[0],\""1\"":[0,2],\""2\"":[2,2,0]},\""\""]}"",""{\""action\"":\""submit\"",\""params\"":[{\""0\"":[2],\""1\"":[2,2],\""2\"":[2,0,0]},\""\""]}"",""{\""action\"":\""submit\"",\""params\"":[{\""0\"":[0],\""1\"":[2,0],\""2\"":[2,2,0]},\""\""]}"",""{\""action\"":\""submit\"",\""params\"":[{\""0\"":[0],\""1\"":[2,0],\""2\"":[2,2,0]},\""\""]}"",""{\""action\"":\""submit\"",\""params\"":[{\""0\"":[2],\""1\"":[2,2],\""2\"":[2,0,0]},\""\""]}""]","{""0"":{""0"":""agree"",""1"":""agree"",""2"":""strongly agree"",""3"":""disagree"",""4"":""agree"",""5"":""strongly agree"",""6"":""agree"",""7"":""strongly agree"",""8"":""strongly agree"",""9"":""strongly agree"",""10"":""disagree"",""11"":""agree"",""12"":""disagree"",""13"":""disagree"",""14"":""agree"",""15"":""agree"",""16"":""disagree"",""17"":""agree"",""18"":""strongly disagree"",""19"":""strongly disagree""},""1"":{""0"":""1"",""1"":""1"",""2"":""9"",""3"":""9"",""4"":""9"",""5"":""1""}}","[""high"",""med"",""low""]","JNZ8isQwd8","type-0"
"A2XUADP5L61HQ5","[""{\""action\"":\""submit\"",\""params\"":[{\""0\"":[2],\""1\"":[0,0],\""2\"":[2,2,0]},null]}"",""{\""action\"":\""submit\"",\""params\"":[{\""0\"":[0],\""1\"":[2,2],\""2\"":[2,0,0]},\""\""]}"",""{\""action\"":\""submit\"",\""params\"":[{\""0\"":[2],\""1\"":[0,0],\""2\"":[2,0,0]},\""\""]}""]","{""0"":{""0"":""strongly disagree"",""1"":""strongly disagree"",""2"":""strongly disagree"",""3"":""strongly agree"",""4"":""neutral"",""5"":""strongly agree"",""6"":""strongly agree"",""7"":""disagree"",""8"":""strongly agree"",""9"":""strongly agree"",""10"":""neutral"",""11"":""strongly disagree"",""12"":""neutral"",""13"":""strongly agree"",""14"":""neutral"",""15"":""strongly agree"",""16"":""strongly disagree"",""17"":""disagree"",""18"":""strongly agree"",""19"":""strongly disagree""},""1"":{""0"":""1"",""1"":""1"",""2"":""9"",""3"":""9"",""4"":""9"",""5"":""1""}}","[""high"",""med"",""low""]","O4gHUOpX37","type-0"
"A33DZ6JKP1ORAQ","[""{\""action\"":\""submit\"",\""params\"":[{\""0\"":[0],\""1\"":[0,2],\""2\"":[2,2,0]},null]}"",""{\""action\"":\""submit\"",\""params\"":[{\""0\"":[2],\""1\"":[0,0],\""2\"":[2,2,0]},\""\""]}"",""{\""action\"":\""submit\"",\""params\"":[{\""0\"":[2],\""1\"":[0,2],\""2\"":[2,0,0]},\""\""]}"",""{\""action\"":\""submit\"",\""params\"":[{\""0\"":[0],\""1\"":[0,0],\""2\"":[2,2,0]},\""\""]}"",""{\""action\"":\""submit\"",\""params\"":[{\""0\"":[2],\""1\"":[2,0],\""2\"":[2,0,0]},\""\""]}""]","{""0"":{""0"":""agree"",""1"":""agree"",""2"":""agree"",""3"":""agree"",""4"":""agree"",""5"":""disagree"",""6"":""disagree"",""7"":""agree"",""8"":""neutral"",""9"":""agree"",""10"":""disagree"",""11"":""neutral"",""12"":""agree"",""13"":""agree"",""14"":""agree"",""15"":""disagree"",""16"":""disagree"",""17"":""agree"",""18"":""agree"",""19"":""agree""},""1"":{""0"":""2"",""1"":""2"",""2"":""8"",""3"":""8"",""4"":""7"",""5"":""1""}}","[""high"",""med"",""low""]","2SreNsZ4lb","type-0"
"AI73488LTDOU0","[""{\""action\"":\""submit\"",\""params\"":[{\""0\"":[0],\""1\"":[0,0],\""2\"":[2,2,2]},null]}"",""{\""action\"":\""submit\"",\""params\"":[{\""0\"":[2],\""1\"":[0,2],\""2\"":[2,2,0]},\""\""]}"",""{\""action\"":\""submit\"",\""params\"":[{\""0\"":[0],\""1\"":[0,0],\""2\"":[2,2,0]},\""\""]}"",""{\""action\"":\""submit\"",\""params\"":[{\""0\"":[0],\""1\"":[0,0],\""2\"":[2,2,0]},\""\""]}"",""{\""action\"":\""submit\"",\""params\"":[{\""0\"":[2],\""1\"":[0,0],\""2\"":[2,2,0]},\""\""]}"",""{\""action\"":\""submit\"",\""params\"":[{\""0\"":[2],\""1\"":[2,2],\""2\"":[2,0,0]},\""\""]}""]","{""0"":{""0"":""disagree"",""1"":""neutral"",""2"":""neutral"",""3"":""strongly agree"",""4"":""neutral"",""5"":""agree"",""6"":""disagree"",""7"":""strongly disagree"",""8"":""strongly agree"",""9"":""agree"",""10"":""agree"",""11"":""disagree"",""12"":""disagree"",""13"":""neutral"",""14"":""neutral"",""15"":""neutral"",""16"":""disagree"",""17"":""disagree"",""18"":""agree"",""19"":""disagree""},""1"":{""0"":""9"",""1"":""5"",""2"":""5"",""3"":""9"",""4"":""9"",""5"":""1""}}","[""high"",""med"",""low""]","fc2F3KaRV4","type-0"
"A5TI9UQEPLNWI","[""{\""action\"":\""submit\"",\""params\"":[{\""0\"":[0],\""1\"":[2,0],\""2\"":[0,2,2]},null]}"",""{\""action\"":\""submit\"",\""params\"":[{\""0\"":[0],\""1\"":[0,2],\""2\"":[0,2,2]},\""\""]}"",""{\""action\"":\""submit\"",\""params\"":[{\""0\"":[2],\""1\"":[0,0],\""2\"":[2,2,0]},\""\""]}"",""{\""action\"":\""submit\"",\""params\"":[{\""0\"":[0],\""1\"":[2,2],\""2\"":[2,0,2]},\""\""]}"",""{\""action\"":\""accept\"",\""params\"":[]}""]","{""0"":{""0"":""neutral"",""1"":""disagree"",""2"":""disagree"",""3"":""agree"",""4"":""disagree"",""5"":""strongly disagree"",""6"":""strongly disagree"",""7"":""neutral"",""8"":""disagree"",""9"":""neutral"",""10"":""strongly disagree"",""11"":""agree"",""12"":""agree"",""13"":""disagree"",""14"":""neutral"",""15"":""disagree"",""16"":""strongly disagree"",""17"":""strongly agree"",""18"":""strongly agree"",""19"":""disagree""},""1"":{""0"":""1"",""1"":""1"",""2"":""9"",""3"":""9"",""4"":""9"",""5"":""1""}}","[""high"",""med"",""low""]","1J8aBPZmu9","type-0"
"A13T61GJTR2Y9B","*","{""0"":{""0"":""agree"",""1"":""disagree"",""2"":""neutral"",""3"":""neutral"",""4"":""agree"",""5"":""agree"",""6"":""agree"",""7"":""agree"",""8"":""strongly agree"",""9"":""strongly agree"",""10"":""neutral"",""11"":""agree"",""12"":""disagree"",""13"":""neutral"",""14"":""disagree"",""15"":""neutral"",""16"":""agree"",""17"":""disagree"",""18"":""strongly agree"",""19"":""neutral""},""1"":{""0"":""9"",""1"":""5"",""2"":""5"",""3"":""9"",""4"":""9"",""5"":""1""}}","*","*","type-0"
"A1GYO6CJMVA9ZA","*","{""0"":{""0"":""disagree"",""1"":""neutral"",""2"":""agree"",""3"":""agree"",""4"":""disagree"",""5"":""agree"",""6"":""neutral"",""7"":""disagree"",""8"":""strongly agree"",""9"":""agree"",""10"":""disagree"",""11"":""disagree"",""12"":""neutral"",""13"":""agree"",""14"":""neutral"",""15"":""agree"",""16"":""disagree"",""17"":""neutral"",""18"":""agree"",""19"":""strongly disagree""},""1"":{""0"":""9"",""1"":""5"",""2"":""5"",""3"":""9"",""4"":""9"",""5"":""1""}}","[""high"",""med"",""low""]","*","type-0"
"A19ED8FYO6CA36","*","*","*","*","*"
"AIXNGJXYV4Y07","*","{""0"":{""0"":""disagree"",""1"":""agree"",""2"":""neutral"",""3"":""agree"",""4"":""strongly disagree"",""5"":""neutral"",""6"":""agree"",""7"":""disagree"",""8"":""strongly agree"",""9"":""strongly agree"",""10"":""disagree"",""11"":""neutral"",""12"":""strongly agree"",""13"":""agree"",""14"":""neutral"",""15"":""disagree"",""16"":""disagree"",""17"":""agree"",""18"":""strongly agree"",""19"":""strongly disagree""},""1"":{""0"":""9"",""1"":""5"",""2"":""5"",""3"":""9"",""4"":""9"",""5"":""1""}}","[""high"",""med"",""low""]","*","type-0"
"A273EH17NSJRH0","[""{\""action\"":\""submit\"",\""params\"":[{\""0\"":[0],\""1\"":[0,2],\""2\"":[2,2,0]},null]}"",""{\""action\"":\""submit\"",\""params\"":[{\""0\"":[2],\""1\"":[0,2],\""2\"":[2,0,0]},\""\""]}"",""{\""action\"":\""submit\"",\""params\"":[{\""0\"":[0],\""1\"":[0,0],\""2\"":[2,2,0]},\""\""]}"",""{\""action\"":\""submit\"",\""params\"":[{\""0\"":[2],\""1\"":[2,2],\""2\"":[2,0,0]},\""\""]}"",""{\""action\"":\""submit\"",\""params\"":[{\""0\"":[0],\""1\"":[0,0],\""2\"":[2,2,0]},\""\""]}"",""{\""action\"":\""accept\"",\""params\"":[]}""]","{""0"":{""0"":""strongly disagree"",""1"":""disagree"",""2"":""strongly agree"",""3"":""agree"",""4"":""strongly disagree"",""5"":""agree"",""6"":""disagree"",""7"":""strongly disagree"",""8"":""strongly agree"",""9"":""strongly agree"",""10"":""disagree"",""11"":""disagree"",""12"":""strongly disagree"",""13"":""disagree"",""14"":""agree"",""15"":""agree"",""16"":""strongly agree"",""17"":""disagree"",""18"":""strongly agree"",""19"":""strongly agree""},""1"":{""0"":""1"",""1"":""1"",""2"":""5"",""3"":""9"",""4"":""9"",""5"":""1""}}","[""high"",""med"",""low""]","juJ2qxhR6f","type-0"
"A3SYKB6GWHMFFP","[""{\""action\"":\""submit\"",\""params\"":[{\""0\"":[0],\""1\"":[0,2],\""2\"":[2,2,0]},null]}"",""{\""action\"":\""submit\"",\""params\"":[{\""0\"":[0],\""1\"":[0,2],\""2\"":[0,2,2]},\""\""]}"",""{\""action\"":\""submit\"",\""params\"":[{\""0\"":[0],\""1\"":[2,2],\""2\"":[0,2,0]},\""\""]}"",""{\""action\"":\""submit\"",\""params\"":[{\""0\"":[2],\""1\"":[2,2],\""2\"":[2,0,0]},\""\""]}"",""{\""action\"":\""submit\"",\""params\"":[{\""0\"":[0],\""1\"":[2,0],\""2\"":[2,0,2]},\""\""]}"",""{\""action\"":\""submit\"",\""params\"":[{\""0\"":[2],\""1\"":[2,0],\""2\"":[2,2,0]},\""\""]}"",""{\""action\"":\""submit\"",\""params\"":[{\""0\"":[0],\""1\"":[0,0],\""2\"":[2,2,2]},\""\""]}"",""{\""action\"":\""submit\"",\""params\"":[{\""0\"":[2],\""1\"":[0,0],\""2\"":[2,2,0]},\""\""]}"",""{\""action\"":\""submit\"",\""params\"":[{\""0\"":[0],\""1\"":[2,0],\""2\"":[2,2,0]},\""\""]}"",""{\""action\"":\""submit\"",\""params\"":[{\""0\"":[2],\""1\"":[0,0],\""2\"":[2,2,0]},\""\""]}""]","{""0"":{""0"":""disagree"",""1"":""disagree"",""2"":""neutral"",""3"":""strongly agree"",""4"":""disagree"",""5"":""agree"",""6"":""agree"",""7"":""strongly disagree"",""8"":""strongly agree"",""9"":""agree"",""10"":""neutral"",""11"":""disagree"",""12"":""disagree"",""13"":""agree"",""14"":""agree"",""15"":""agree"",""16"":""disagree"",""17"":""strongly agree"",""18"":""neutral"",""19"":""disagree""},""1"":{""0"":""9"",""1"":""5"",""2"":""5"",""3"":""9"",""4"":""9"",""5"":""1""}}","[""high"",""med"",""low""]","IPnerQzfbQ","type-0"
"AU7V52XJGL5C4","[""{\""action\"":\""submit\"",\""params\"":[{\""0\"":[2],\""1\"":[0,0],\""2\"":[2,2,0]},null]}"",""{\""action\"":\""submit\"",\""params\"":[{\""0\"":[0],\""1\"":[0,2],\""2\"":[2,2,0]},\""\""]}"",""{\""action\"":\""submit\"",\""params\"":[{\""0\"":[0],\""1\"":[2,0],\""2\"":[2,2,0]},\""\""]}"",""{\""action\"":\""submit\"",\""params\"":[{\""0\"":[2],\""1\"":[0,0],\""2\"":[2,2,0]},\""\""]}"",""{\""action\"":\""submit\"",\""params\"":[{\""0\"":[0],\""1\"":[0,0],\""2\"":[2,2,0]},\""\""]}"",""{\""action\"":\""submit\"",\""params\"":[{\""0\"":[2],\""1\"":[0,0],\""2\"":[2,2,0]},\""\""]}"",""{\""action\"":\""accept\"",\""params\"":[]}""]","{""0"":{""0"":""disagree"",""1"":""disagree"",""2"":""neutral"",""3"":""agree"",""4"":""disagree"",""5"":""neutral"",""6"":""disagree"",""7"":""neutral"",""8"":""agree"",""9"":""agree"",""10"":""neutral"",""11"":""neutral"",""12"":""disagree"",""13"":""neutral"",""14"":""disagree"",""15"":""neutral"",""16"":""neutral"",""17"":""neutral"",""18"":""agree"",""19"":""disagree""},""1"":{""0"":""9"",""1"":""5"",""2"":""5"",""3"":""9"",""4"":""9"",""5"":""1""}}","[""high"",""med"",""low""]","gWE9nL4Bgf","type-0"
"A2SR85I8JMO1ZZ","[""{\""action\"":\""submit\"",\""params\"":[{\""0\"":[0],\""1\"":[2,0],\""2\"":[0,0,0]},null]}"",""{\""action\"":\""submit\"",\""params\"":[{\""0\"":[0],\""1\"":[2,2],\""2\"":[2,0,0]},\""\""]}"",""{\""action\"":\""submit\"",\""params\"":[{\""0\"":[0],\""1\"":[2,2],\""2\"":[2,0,0]},\""\""]}"",""{\""action\"":\""submit\"",\""params\"":[{\""0\"":[0],\""1\"":[0,2],\""2\"":[2,2,0]},\""\""]}"",""{\""action\"":\""submit\"",\""params\"":[{\""0\"":[0],\""1\"":[2,2],\""2\"":[2,0,0]},\""\""]}"",""{\""action\"":\""accept\"",\""params\"":[]}""]","{""0"":{""0"":""strongly disagree"",""1"":""strongly disagree"",""2"":""strongly disagree"",""3"":""agree"",""4"":""strongly disagree"",""5"":""strongly agree"",""6"":""strongly agree"",""7"":""disagree"",""8"":""strongly agree"",""9"":""strongly agree"",""10"":""agree"",""11"":""disagree"",""12"":""strongly disagree"",""13"":""neutral"",""14"":""disagree"",""15"":""strongly agree"",""16"":""agree"",""17"":""strongly disagree"",""18"":""strongly agree"",""19"":""strongly disagree""},""1"":{""0"":""9"",""1"":""5"",""2"":""5"",""3"":""9"",""4"":""9"",""5"":""1""}}","[""high"",""med"",""low""]","yQT5IaTTvv","type-0"
"A1LSEVXPEYMJL7","[""{\""action\"":\""submit\"",\""params\"":[{\""0\"":[0],\""1\"":[0,0],\""2\"":[0,0,0]},null]}"",""{\""action\"":\""submit\"",\""params\"":[{\""0\"":[0],\""1\"":[2,2],\""2\"":[2,2,2]},\""\""]}"",""{\""action\"":\""submit\"",\""params\"":[{\""0\"":[0],\""1\"":[2,0],\""2\"":[2,2,2]},\""\""]}"",""{\""action\"":\""submit\"",\""params\"":[{\""0\"":[0],\""1\"":[0,2],\""2\"":[2,2,0]},\""\""]}"",""{\""action\"":\""submit\"",\""params\"":[{\""0\"":[0],\""1\"":[0,0],\""2\"":[2,2,0]},\""\""]}"",""{\""action\"":\""submit\"",\""params\"":[{\""0\"":[2],\""1\"":[2,2],\""2\"":[2,2,2]},\""\""]}"",""{\""action\"":\""submit\"",\""params\"":[{\""0\"":[2],\""1\"":[0,0],\""2\"":[2,2,0]},\""\""]}"",""{\""action\"":\""submit\"",\""params\"":[{\""0\"":[0],\""1\"":[2,2],\""2\"":[2,2,0]},\""\""]}"",""{\""action\"":\""submit\"",\""params\"":[{\""0\"":[2],\""1\"":[0,2],\""2\"":[2,2,0]},\""\""]}"",""{\""action\"":\""accept\"",\""params\"":[]}""]","{""0"":{""0"":""disagree"",""1"":""agree"",""2"":""agree"",""3"":""agree"",""4"":""disagree"",""5"":""agree"",""6"":""agree"",""7"":""agree"",""8"":""agree"",""9"":""agree"",""10"":""disagree"",""11"":""disagree"",""12"":""agree"",""13"":""disagree"",""14"":""agree"",""15"":""agree"",""16"":""disagree"",""17"":""agree"",""18"":""agree"",""19"":""strongly disagree""},""1"":{""0"":""1"",""1"":""1"",""2"":""9"",""3"":""9"",""4"":""9"",""5"":""1""}}","[""high"",""med"",""low""]","uaY4ycpXhZ","type-0"
"A2AKBNIYOCV0D4","[""{\""action\"":\""submit\"",\""params\"":[{\""0\"":[0],\""1\"":[0,2],\""2\"":[2,2,2]},null]}"",""{\""action\"":\""submit\"",\""params\"":[{\""0\"":[2],\""1\"":[0,2],\""2\"":[2,2,0]},\""\""]}"",""{\""action\"":\""submit\"",\""params\"":[{\""0\"":[0],\""1\"":[0,0],\""2\"":[2,2,2]},\""\""]}"",""{\""action\"":\""submit\"",\""params\"":[{\""0\"":[0],\""1\"":[0,0],\""2\"":[0,2,2]},\""\""]}"",""{\""action\"":\""submit\"",\""params\"":[{\""0\"":[0],\""1\"":[2,0],\""2\"":[2,0,2]},\""\""]}"",""{\""action\"":\""submit\"",\""params\"":[{\""0\"":[0],\""1\"":[0,0],\""2\"":[2,2,0]},\""\""]}""]","{""0"":{""0"":""disagree"",""1"":""disagree"",""2"":""agree"",""3"":""agree"",""4"":""disagree"",""5"":""strongly agree"",""6"":""neutral"",""7"":""disagree"",""8"":""agree"",""9"":""agree"",""10"":""disagree"",""11"":""disagree"",""12"":""disagree"",""13"":""agree"",""14"":""disagree"",""15"":""agree"",""16"":""neutral"",""17"":""disagree"",""18"":""neutral"",""19"":""disagree""},""1"":{""0"":""9"",""1"":""5"",""2"":""4"",""3"":""9"",""4"":""9"",""5"":""1""}}","[""high"",""med"",""low""]","msn7FXj0zS","type-0"
"A1VPE05UDNFKGV","[""{\""action\"":\""submit\"",\""params\"":[{\""0\"":[0],\""1\"":[0,0],\""2\"":[2,2,0]},null]}"",""{\""action\"":\""submit\"",\""params\"":[{\""0\"":[0],\""1\"":[0,0],\""2\"":[2,2,0]},\""\""]}"",""{\""action\"":\""submit\"",\""params\"":[{\""0\"":[0],\""1\"":[2,2],\""2\"":[2,0,0]},\""\""]}"",""{\""action\"":\""submit\"",\""params\"":[{\""0\"":[0],\""1\"":[2,2],\""2\"":[2,0,0]},\""\""]}"",""{\""action\"":\""submit\"",\""params\"":[{\""0\"":[0],\""1\"":[2,2],\""2\"":[2,0,0]},\""\""]}"",""{\""action\"":\""submit\"",\""params\"":[{\""0\"":[0],\""1\"":[0,0],\""2\"":[2,0,2]},\""\""]}""]","{""0"":{""0"":""agree"",""1"":""neutral"",""2"":""disagree"",""3"":""agree"",""4"":""strongly disagree"",""5"":""strongly agree"",""6"":""agree"",""7"":""disagree"",""8"":""strongly agree"",""9"":""strongly agree"",""10"":""agree"",""11"":""strongly disagree"",""12"":""disagree"",""13"":""neutral"",""14"":""disagree"",""15"":""strongly agree"",""16"":""agree"",""17"":""strongly disagree"",""18"":""strongly agree"",""19"":""neutral""},""1"":{""0"":""1"",""1"":""1"",""2"":""9"",""3"":""9"",""4"":""9"",""5"":""1""}}","[""high"",""med"",""low""]","x7fUBPo2Ef","type-0"
"A9Z25VKRSKF8O","[""{\""action\"":\""submit\"",\""params\"":[{\""0\"":[0],\""1\"":[0,0],\""2\"":[2,2,2]},null]}"",""{\""action\"":\""submit\"",\""params\"":[{\""0\"":[0],\""1\"":[0,0],\""2\"":[2,2,0]},\""\""]}"",""{\""action\"":\""submit\"",\""params\"":[{\""0\"":[2],\""1\"":[2,2],\""2\"":[0,2,0]},\""\""]}"",""{\""action\"":\""submit\"",\""params\"":[{\""0\"":[0],\""1\"":[0,0],\""2\"":[2,2,0]},\""\""]}"",""{\""action\"":\""submit\"",\""params\"":[{\""0\"":[2],\""1\"":[2,2],\""2\"":[2,0,0]},\""\""]}"",""{\""action\"":\""submit\"",\""params\"":[{\""0\"":[0],\""1\"":[0,0],\""2\"":[2,2,2]},\""\""]}"",""{\""action\"":\""accept\"",\""params\"":[]}""]","{""0"":{""0"":""disagree"",""1"":""neutral"",""2"":""disagree"",""3"":""agree"",""4"":""disagree"",""5"":""agree"",""6"":""neutral"",""7"":""neutral"",""8"":""agree"",""9"":""agree"",""10"":""neutral"",""11"":""disagree"",""12"":""disagree"",""13"":""disagree"",""14"":""neutral"",""15"":""disagree"",""16"":""disagree"",""17"":""disagree"",""18"":""disagree"",""19"":""disagree""},""1"":{""0"":""9"",""1"":""1"",""2"":""9"",""3"":""9"",""4"":""9"",""5"":""1""}}","[""high"",""med"",""low""]","q2YHY2305S","type-0"
"A2CT57W84KXX25","[""{\""action\"":\""submit\"",\""params\"":[{\""0\"":[0],\""1\"":[0,0],\""2\"":[0,2,0]},null]}"",""{\""action\"":\""accept\"",\""params\"":[]}""]","{""0"":{""0"":""disagree"",""1"":""disagree"",""2"":""neutral"",""3"":""strongly disagree"",""4"":""neutral"",""5"":""strongly agree"",""6"":""disagree"",""7"":""neutral"",""8"":""strongly agree"",""9"":""neutral"",""10"":""strongly disagree"",""11"":""strongly agree"",""12"":""disagree"",""13"":""disagree"",""14"":""strongly disagree"",""15"":""agree"",""16"":""disagree"",""17"":""disagree"",""18"":""strongly agree"",""19"":""strongly disagree""},""1"":{""0"":""9"",""1"":""5"",""2"":""5"",""3"":""9"",""4"":""9"",""5"":""1""}}","[""high"",""med"",""low""]","GyvGiFdAAZ","type-0"
"A194XQAUBBHKC7","[""{\""action\"":\""submit\"",\""params\"":[{\""0\"":[0],\""1\"":[0,0],\""2\"":[0,0,0]},null]}""]","{""0"":{""0"":""agree"",""1"":""agree"",""2"":""disagree"",""3"":""disagree"",""4"":""agree"",""5"":""disagree"",""6"":""disagree"",""7"":""disagree"",""8"":""agree"",""9"":""agree"",""10"":""disagree"",""11"":""agree"",""12"":""neutral"",""13"":""agree"",""14"":""agree"",""15"":""agree"",""16"":""disagree"",""17"":""neutral"",""18"":""agree"",""19"":""disagree""},""1"":{""0"":""1"",""1"":""1"",""2"":""9"",""3"":""9"",""4"":""9"",""5"":""9""}}","[""high"",""med"",""low""]","MJadQLTBOF","type-0"
"ASDKBXZBSJNZD","[""{\""action\"":\""submit\"",\""params\"":[{\""0\"":[0],\""1\"":[0,2],\""2\"":[2,2,0]},null]}"",""{\""action\"":\""submit\"",\""params\"":[{\""0\"":[2],\""1\"":[0,0],\""2\"":[2,2,0]},\""\""]}"",""{\""action\"":\""submit\"",\""params\"":[{\""0\"":[0],\""1\"":[2,2],\""2\"":[2,0,0]},\""\""]}"",""{\""action\"":\""submit\"",\""params\"":[{\""0\"":[2],\""1\"":[0,0],\""2\"":[2,2,0]},\""\""]}"",""{\""action\"":\""submit\"",\""params\"":[{\""0\"":[2],\""1\"":[0,0],\""2\"":[2,2,0]},\""\""]}"",""{\""action\"":\""submit\"",\""params\"":[{\""0\"":[0],\""1\"":[0,0],\""2\"":[2,2,0]},\""\""]}"",""{\""action\"":\""submit\"",\""params\"":[{\""0\"":[2],\""1\"":[0,0],\""2\"":[2,2,0]},\""\""]}"",""{\""action\"":\""submit\"",\""params\"":[{\""0\"":[2],\""1\"":[0,0],\""2\"":[2,2,0]},\""\""]}"",""{\""action\"":\""submit\"",\""params\"":[{\""0\"":[2],\""1\"":[0,0],\""2\"":[2,2,0]},\""\""]}"",""{\""action\"":\""submit\"",\""params\"":[{\""0\"":[2],\""1\"":[2,2],\""2\"":[0,2,0]},\""\""]}""]","{""0"":{""0"":""agree"",""1"":""neutral"",""2"":""disagree"",""3"":""strongly disagree"",""4"":""neutral"",""5"":""disagree"",""6"":""disagree"",""7"":""neutral"",""8"":""neutral"",""9"":""disagree"",""10"":""disagree"",""11"":""strongly agree"",""12"":""strongly agree"",""13"":""strongly disagree"",""14"":""agree"",""15"":""strongly disagree"",""16"":""strongly disagree"",""17"":""strongly agree"",""18"":""agree"",""19"":""strongly disagree""},""1"":{""0"":""1"",""1"":""1"",""2"":""9"",""3"":""9"",""4"":""9"",""5"":""1""}}","[""high"",""med"",""low""]","F756A1GEYg","type-0"
"A2XWD4PZM6JU0M","[""{\""action\"":\""submit\"",\""params\"":[{\""0\"":[0],\""1\"":[0,0],\""2\"":[2,2,2]},null]}"",""{\""action\"":\""submit\"",\""params\"":[{\""0\"":[0],\""1\"":[0,2],\""2\"":[0,2,2]},\""\""]}"",""{\""action\"":\""submit\"",\""params\"":[{\""0\"":[0],\""1\"":[0,0],\""2\"":[2,2,2]},\""\""]}"",""{\""action\"":\""submit\"",\""params\"":[{\""0\"":[0],\""1\"":[0,0],\""2\"":[2,2,0]},\""\""]}"",""{\""action\"":\""submit\"",\""params\"":[{\""0\"":[0],\""1\"":[2,0],\""2\"":[2,2,0]},\""\""]}"",""{\""action\"":\""submit\"",\""params\"":[{\""0\"":[2],\""1\"":[2,2],\""2\"":[2,2,2]},\""\""]}"",""{\""action\"":\""submit\"",\""params\"":[{\""0\"":[0],\""1\"":[0,0],\""2\"":[2,2,2]},\""\""]}"",""{\""action\"":\""submit\"",\""params\"":[{\""0\"":[2],\""1\"":[2,2],\""2\"":[2,2,0]},\""\""]}"",""{\""action\"":\""submit\"",\""params\"":[{\""0\"":[0],\""1\"":[0,0],\""2\"":[2,2,2]},\""\""]}"",""{\""action\"":\""submit\"",\""params\"":[{\""0\"":[0],\""1\"":[2,2],\""2\"":[2,2,0]},\""\""]}""]","{""0"":{""0"":""disagree"",""1"":""neutral"",""2"":""disagree"",""3"":""disagree"",""4"":""agree"",""5"":""agree"",""6"":""neutral"",""7"":""agree"",""8"":""agree"",""9"":""agree"",""10"":""disagree"",""11"":""agree"",""12"":""neutral"",""13"":""disagree"",""14"":""neutral"",""15"":""neutral"",""16"":""disagree"",""17"":""neutral"",""18"":""agree"",""19"":""disagree""},""1"":{""0"":""9"",""1"":""5"",""2"":""5"",""3"":""9"",""4"":""9"",""5"":""1""}}","[""high"",""med"",""low""]","TK3T5Nrg3H","type-0"
"A2TYLR23CHRULH","[""{\""action\"":\""submit\"",\""params\"":[{\""0\"":[0],\""1\"":[0,0],\""2\"":[2,2,0]},null]}"",""{\""action\"":\""submit\"",\""params\"":[{\""0\"":[0],\""1\"":[0,0],\""2\"":[2,2,0]},\""\""]}"",""{\""action\"":\""submit\"",\""params\"":[{\""0\"":[0],\""1\"":[0,0],\""2\"":[2,2,2]},\""\""]}"",""{\""action\"":\""submit\"",\""params\"":[{\""0\"":[2],\""1\"":[2,2],\""2\"":[2,0,0]},\""\""]}"",""{\""action\"":\""submit\"",\""params\"":[{\""0\"":[2],\""1\"":[2,2],\""2\"":[2,0,0]},\""\""]}"",""{\""action\"":\""submit\"",\""params\"":[{\""0\"":[0],\""1\"":[2,2],\""2\"":[2,0,0]},\""\""]}""]","{""0"":{""0"":""neutral"",""1"":""disagree"",""2"":""agree"",""3"":""disagree"",""4"":""disagree"",""5"":""agree"",""6"":""neutral"",""7"":""disagree"",""8"":""strongly agree"",""9"":""agree"",""10"":""strongly disagree"",""11"":""neutral"",""12"":""disagree"",""13"":""disagree"",""14"":""neutral"",""15"":""agree"",""16"":""disagree"",""17"":""disagree"",""18"":""strongly agree"",""19"":""agree""},""1"":{""0"":""3"",""1"":""2"",""2"":""9"",""3"":""9"",""4"":""9"",""5"":""1""}}","[""high"",""med"",""low""]","GXyLwE4WbN","type-0"
"A30G98ZDOZMUVK","*","{""0"":{""0"":""disagree"",""1"":""disagree"",""2"":""disagree"",""3"":""agree"",""4"":""disagree"",""5"":""disagree"",""6"":""disagree"",""7"":""disagree"",""8"":""agree"",""9"":""agree"",""10"":""disagree"",""11"":""agree"",""12"":""agree"",""13"":""disagree"",""14"":""disagree"",""15"":""disagree"",""16"":""disagree"",""17"":""disagree"",""18"":""agree"",""19"":""disagree""},""1"":{""0"":""1"",""1"":""1"",""2"":""9"",""3"":""9"",""4"":""9"",""5"":""1""}}","[""high"",""med"",""low""]","*","type-0"
"AK3H5QRAROFGP","[""{\""action\"":\""submit\"",\""params\"":[{\""0\"":[0],\""1\"":[2,0],\""2\"":[2,0,0]},null]}"",""{\""action\"":\""accept\"",\""params\"":[]}""]","{""0"":{""0"":""disagree"",""1"":""agree"",""2"":""disagree"",""3"":""disagree"",""4"":""agree"",""5"":""disagree"",""6"":""strongly disagree"",""7"":""agree"",""8"":""neutral"",""9"":""disagree"",""10"":""strongly disagree"",""11"":""agree"",""12"":""agree"",""13"":""disagree"",""14"":""neutral"",""15"":""disagree"",""16"":""strongly disagree"",""17"":""agree"",""18"":""strongly agree"",""19"":""agree""},""1"":{""0"":""1"",""1"":""1"",""2"":""9"",""3"":""9"",""4"":""9"",""5"":""1""}}","[""high"",""med"",""low""]","hmjBMN1bjK","type-0"
"A336V7IY38Q2WN","[""{\""action\"":\""submit\"",\""params\"":[{\""0\"":[0],\""1\"":[0,0],\""2\"":[0,0,0]},null]}""]","{""0"":{""0"":""agree"",""1"":""strongly disagree"",""2"":""strongly disagree"",""3"":""disagree"",""4"":""agree"",""5"":""strongly disagree"",""6"":""strongly disagree"",""7"":""agree"",""8"":""disagree"",""9"":""strongly disagree"",""10"":""strongly disagree"",""11"":""agree"",""12"":""agree"",""13"":""strongly disagree"",""14"":""agree"",""15"":""strongly disagree"",""16"":""strongly disagree"",""17"":""agree"",""18"":""agree"",""19"":""agree""},""1"":{""0"":""2"",""1"":""2"",""2"":""8"",""3"":""8"",""4"":""4"",""5"":""1""}}","[""high"",""med"",""low""]","HLYRwdQmlY","type-0"
"AQV468FB908WI","[""{\""action\"":\""submit\"",\""params\"":[{\""0\"":[0],\""1\"":[0,0],\""2\"":[0,0,0]},null]}""]","{""0"":{""0"":""strongly agree"",""1"":""disagree"",""2"":""agree"",""3"":""strongly disagree"",""4"":""strongly agree"",""5"":""disagree"",""6"":""disagree"",""7"":""agree"",""8"":""agree"",""9"":""disagree"",""10"":""strongly disagree"",""11"":""strongly agree"",""12"":""agree"",""13"":""agree"",""14"":""agree"",""15"":""disagree"",""16"":""strongly disagree"",""17"":""agree"",""18"":""strongly agree"",""19"":""disagree""},""1"":{""0"":""1"",""1"":""1"",""2"":""6"",""3"":""9"",""4"":""9"",""5"":""1""}}","[""high"",""med"",""low""]","tNuYbLwcwM","type-0"
